2000-07-03;0:00:00,7.1
2000-07-04;0:00:00,7.1
2000-07-05;0:00:00,7.03
2000-07-06;0:00:00,7.07
2000-07-07;0:00:00,7.01
2000-07-10;0:00:00,7.04
2000-07-11;0:00:00,7.04
2000-07-12;0:00:00,7.06
2000-07-13;0:00:00,7.04
2000-07-14;0:00:00,7.08
2000-07-17;0:00:00,7.12
2000-07-18;0:00:00,7.12
2000-07-19;0:00:00,7.13
2000-07-20;0:00:00,7.07
2000-07-21;0:00:00,7.03
2000-07-24;0:00:00,7.04
2000-07-25;0:00:00,7.03
2000-07-26;0:00:00,7.02
2000-07-27;0:00:00,7.01
2000-07-28;0:00:00,7.03
2000-07-31;0:00:00,7.06
2000-08-01;0:00:00,7.04
2000-08-02;0:00:00,7.02
2000-08-03;0:00:00,6.98
2000-08-04;0:00:00,6.94
2000-08-07;0:00:00,6.94
2000-08-08;0:00:00,6.94
2000-08-09;0:00:00,6.93
2000-08-10;0:00:00,6.9
2000-08-11;0:00:00,6.92
2000-08-14;0:00:00,6.96
2000-08-15;0:00:00,6.96
2000-08-16;0:00:00,6.96
2000-08-17;0:00:00,6.97
2000-08-18;0:00:00,6.96
2000-08-21;0:00:00,6.95
2000-08-22;0:00:00,6.95
2000-08-23;0:00:00,6.93
2000-08-24;0:00:00,6.91
2000-08-25;0:00:00,6.9
2000-08-28;0:00:00,6.92
2000-08-29;0:00:00,6.93
2000-08-30;0:00:00,6.94
2000-08-31;0:00:00,6.91
2000-09-01;0:00:00,6.84
2000-09-04;0:00:00,6.84
2000-09-05;0:00:00,6.83
2000-09-06;0:00:00,6.85
2000-09-07;0:00:00,6.84
2000-09-08;0:00:00,6.84
2000-09-11;0:00:00,6.85
2000-09-12;0:00:00,6.84
2000-09-13;0:00:00,6.82
2000-09-14;0:00:00,6.81
2000-09-15;0:00:00,6.79
2000-09-18;0:00:00,6.77
2000-09-19;0:00:00,6.77
2000-09-20;0:00:00,6.77
2000-09-21;0:00:00,6.78
2000-09-22;0:00:00,6.74
2000-09-25;0:00:00,6.78
2000-09-26;0:00:00,6.78
2000-09-27;0:00:00,6.77
2000-09-28;0:00:00,6.78
2000-09-29;0:00:00,6.75
2000-10-02;0:00:00,6.77
2000-10-03;0:00:00,6.75
2000-10-04;0:00:00,6.78
2000-10-05;0:00:00,6.78
2000-10-06;0:00:00,6.79
2000-10-09;0:00:00,6.79
2000-10-10;0:00:00,6.78
2000-10-11;0:00:00,6.74
2000-10-12;0:00:00,6.71
2000-10-13;0:00:00,6.68
2000-10-16;0:00:00,6.69
2000-10-17;0:00:00,6.68
2000-10-18;0:00:00,6.63
2000-10-19;0:00:00,6.64
2000-10-20;0:00:00,6.65
2000-10-23;0:00:00,6.65
2000-10-24;0:00:00,6.66
2000-10-25;0:00:00,6.65
2000-10-26;0:00:00,6.67
2000-10-27;0:00:00,6.69
2000-10-30;0:00:00,6.71
2000-10-31;0:00:00,6.69
2000-11-01;0:00:00,6.67
2000-11-02;0:00:00,6.66
2000-11-03;0:00:00,6.69
2000-11-06;0:00:00,6.71
2000-11-07;0:00:00,6.71
2000-11-08;0:00:00,6.72
2000-11-09;0:00:00,6.7
2000-11-10;0:00:00,6.67
2000-11-13;0:00:00,6.64
2000-11-14;0:00:00,6.67
2000-11-15;0:00:00,6.66
2000-11-16;0:00:00,6.65
2000-11-17;0:00:00,6.65
2000-11-20;0:00:00,6.63
2000-11-21;0:00:00,6.64
2000-11-22;0:00:00,6.61
2000-11-23;0:00:00,6.61
2000-11-24;0:00:00,6.63
2000-11-27;0:00:00,6.63
2000-11-28;0:00:00,6.6
2000-11-29;0:00:00,6.56
2000-11-30;0:00:00,6.49
2000-12-01;0:00:00,6.48
2000-12-04;0:00:00,6.45
2000-12-05;0:00:00,6.39
2000-12-06;0:00:00,6.32
2000-12-07;0:00:00,6.31
2000-12-08;0:00:00,6.3
2000-12-11;0:00:00,6.33
2000-12-12;0:00:00,6.33
2000-12-13;0:00:00,6.26
2000-12-14;0:00:00,6.19
2000-12-15;0:00:00,6.19
2000-12-18;0:00:00,6.12
2000-12-19;0:00:00,6.15
2000-12-20;0:00:00,6.07
2000-12-21;0:00:00,6.0
2000-12-22;0:00:00,5.94
2000-12-25;0:00:00,5.94
2000-12-26;0:00:00,5.93
2000-12-27;0:00:00,5.97
2000-12-28;0:00:00,5.99
2000-12-29;0:00:00,5.95
2001-01-01;0:00:00,5.95
2001-01-02;0:00:00,5.81
2001-01-03;0:00:00,5.77
2001-01-04;0:00:00,5.48
2001-01-05;0:00:00,5.35
2001-01-08;0:00:00,5.27
2001-01-09;0:00:00,5.33
2001-01-10;0:00:00,5.37
2001-01-11;0:00:00,5.39
2001-01-12;0:00:00,5.48
2001-01-15;0:00:00,5.48
2001-01-16;0:00:00,5.47
2001-01-17;0:00:00,5.49
2001-01-18;0:00:00,5.33
2001-01-19;0:00:00,5.27
2001-01-22;0:00:00,5.29
2001-01-23;0:00:00,5.26
2001-01-24;0:00:00,5.36
2001-01-25;0:00:00,5.42
2001-01-26;0:00:00,5.32
2001-01-29;0:00:00,5.26
2001-01-30;0:00:00,5.2
2001-01-31;0:00:00,5.17
2001-02-01;0:00:00,5.1
2001-02-02;0:00:00,5.19
2001-02-05;0:00:00,5.18
2001-02-06;0:00:00,5.22
2001-02-07;0:00:00,5.19
2001-02-08;0:00:00,5.23
2001-02-09;0:00:00,5.18
2001-02-12;0:00:00,5.16
2001-02-13;0:00:00,5.17
2001-02-14;0:00:00,5.23
2001-02-15;0:00:00,5.33
2001-02-16;0:00:00,5.23
2001-02-19;0:00:00,5.23
2001-02-20;0:00:00,5.21
2001-02-21;0:00:00,5.16
2001-02-22;0:00:00,5.12
2001-02-23;0:00:00,5.06
2001-02-26;0:00:00,4.97
2001-02-27;0:00:00,4.89
2001-02-28;0:00:00,4.94
2001-03-01;0:00:00,4.91
2001-03-02;0:00:00,4.93
2001-03-05;0:00:00,4.96
2001-03-06;0:00:00,4.96
2001-03-07;0:00:00,4.92
2001-03-08;0:00:00,4.86
2001-03-09;0:00:00,4.91
2001-03-12;0:00:00,4.89
2001-03-13;0:00:00,4.88
2001-03-14;0:00:00,4.8
2001-03-15;0:00:00,4.72
2001-03-16;0:00:00,4.65
2001-03-19;0:00:00,4.7
2001-03-20;0:00:00,4.73
2001-03-21;0:00:00,4.61
2001-03-22;0:00:00,4.56
2001-03-23;0:00:00,4.6
2001-03-26;0:00:00,4.66
2001-03-27;0:00:00,4.71
2001-03-28;0:00:00,4.71
2001-03-29;0:00:00,4.69
2001-03-30;0:00:00,4.6
2001-04-02;0:00:00,4.64
2001-04-03;0:00:00,4.6
2001-04-04;0:00:00,4.56
2001-04-05;0:00:00,4.55
2001-04-06;0:00:00,4.49
2001-04-09;0:00:00,4.48
2001-04-10;0:00:00,4.53
2001-04-11;0:00:00,4.65
2001-04-12;0:00:00,4.62
2001-04-13;0:00:00,4.62
2001-04-16;0:00:00,4.7
2001-04-17;0:00:00,4.76
2001-04-18;0:00:00,4.62
2001-04-19;0:00:00,4.42
2001-04-20;0:00:00,4.4
2001-04-23;0:00:00,4.34
2001-04-24;0:00:00,4.35
2001-04-25;0:00:00,4.34
2001-04-26;0:00:00,4.37
2001-04-27;0:00:00,4.4
2001-04-30;0:00:00,4.47
2001-05-01;0:00:00,4.41
2001-05-02;0:00:00,4.39
2001-05-03;0:00:00,4.39
2001-05-04;0:00:00,4.28
2001-05-07;0:00:00,4.26
2001-05-08;0:00:00,4.19
2001-05-09;0:00:00,4.18
2001-05-10;0:00:00,4.22
2001-05-11;0:00:00,4.31
2001-05-14;0:00:00,4.31
2001-05-15;0:00:00,4.33
2001-05-16;0:00:00,4.22
2001-05-17;0:00:00,4.29
2001-05-18;0:00:00,4.34
2001-05-21;0:00:00,4.36
2001-05-22;0:00:00,4.33
2001-05-23;0:00:00,4.31
2001-05-24;0:00:00,4.27
2001-05-25;0:00:00,4.3
2001-05-28;0:00:00,4.3
2001-05-29;0:00:00,4.25
2001-05-30;0:00:00,4.26
2001-05-31;0:00:00,4.21
2001-06-01;0:00:00,4.15
2001-06-04;0:00:00,4.19
2001-06-05;0:00:00,4.17
2001-06-06;0:00:00,4.18
2001-06-07;0:00:00,4.15
2001-06-08;0:00:00,4.15
2001-06-11;0:00:00,4.12
2001-06-12;0:00:00,4.11
2001-06-13;0:00:00,4.12
2001-06-14;0:00:00,4.04
2001-06-15;0:00:00,4.02
2001-06-18;0:00:00,3.97
2001-06-19;0:00:00,3.97
2001-06-20;0:00:00,3.95
2001-06-21;0:00:00,3.93
2001-06-22;0:00:00,3.94
2001-06-25;0:00:00,3.91
2001-06-26;0:00:00,3.95
2001-06-27;0:00:00,3.93
2001-06-28;0:00:00,4.12
2001-06-29;0:00:00,4.23
2001-07-02;0:00:00,4.18
2001-07-03;0:00:00,4.17
2001-07-04;0:00:00,4.17
2001-07-05;0:00:00,4.17
2001-07-06;0:00:00,4.11
2001-07-09;0:00:00,4.08
2001-07-10;0:00:00,4.06
2001-07-11;0:00:00,3.99
2001-07-12;0:00:00,4.03
2001-07-13;0:00:00,4.04
2001-07-16;0:00:00,4.04
2001-07-17;0:00:00,4.03
2001-07-18;0:00:00,3.95
2001-07-19;0:00:00,3.93
2001-07-20;0:00:00,3.9
2001-07-23;0:00:00,3.91
2001-07-24;0:00:00,3.91
2001-07-25;0:00:00,3.92
2001-07-26;0:00:00,3.9
2001-07-27;0:00:00,3.86
2001-07-30;0:00:00,3.84
2001-07-31;0:00:00,3.82
2001-08-01;0:00:00,3.83
2001-08-02;0:00:00,3.84
2001-08-03;0:00:00,3.85
2001-08-06;0:00:00,3.83
2001-08-07;0:00:00,3.83
2001-08-08;0:00:00,3.82
2001-08-09;0:00:00,3.73
2001-08-10;0:00:00,3.7
2001-08-13;0:00:00,3.69
2001-08-14;0:00:00,3.71
2001-08-15;0:00:00,3.77
2001-08-16;0:00:00,3.76
2001-08-17;0:00:00,3.68
2001-08-20;0:00:00,3.71
2001-08-21;0:00:00,3.72
2001-08-22;0:00:00,3.68
2001-08-23;0:00:00,3.68
2001-08-24;0:00:00,3.72
2001-08-27;0:00:00,3.72
2001-08-28;0:00:00,3.65
2001-08-29;0:00:00,3.61
2001-08-30;0:00:00,3.59
2001-08-31;0:00:00,3.59
2001-09-03;0:00:00,3.59
2001-09-04;0:00:00,3.74
2001-09-05;0:00:00,3.73
2001-09-06;0:00:00,3.66
2001-09-07;0:00:00,3.5
2001-09-10;0:00:00,3.47
2001-09-11;0:00:00,3.47
2001-09-12;0:00:00,3.47
2001-09-13;0:00:00,3.47
2001-09-14;0:00:00,3.06
2001-09-17;0:00:00,3.01
2001-09-18;0:00:00,2.93
2001-09-19;0:00:00,2.78
2001-09-20;0:00:00,2.76
2001-09-21;0:00:00,2.73
2001-09-24;0:00:00,2.76
2001-09-25;0:00:00,2.68
2001-09-26;0:00:00,2.69
2001-09-27;0:00:00,2.63
2001-09-28;0:00:00,2.71
2001-10-01;0:00:00,2.68
2001-10-02;0:00:00,2.66
2001-10-03;0:00:00,2.55
2001-10-04;0:00:00,2.56
2001-10-05;0:00:00,2.5
2001-10-08;0:00:00,2.5
2001-10-09;0:00:00,2.52
2001-10-10;0:00:00,2.56
2001-10-11;0:00:00,2.61
2001-10-12;0:00:00,2.62
2001-10-15;0:00:00,2.57
2001-10-16;0:00:00,2.54
2001-10-17;0:00:00,2.58
2001-10-18;0:00:00,2.55
2001-10-19;0:00:00,2.5
2001-10-22;0:00:00,2.53
2001-10-23;0:00:00,2.54
2001-10-24;0:00:00,2.51
2001-10-25;0:00:00,2.41
2001-10-26;0:00:00,2.41
2001-10-29;0:00:00,2.37
2001-10-30;0:00:00,2.28
2001-10-31;0:00:00,2.32
2001-11-01;0:00:00,2.32
2001-11-02;0:00:00,2.28
2001-11-05;0:00:00,2.25
2001-11-06;0:00:00,2.26
2001-11-07;0:00:00,2.08
2001-11-08;0:00:00,2.13
2001-11-09;0:00:00,2.15
2001-11-12;0:00:00,2.15
2001-11-13;0:00:00,2.2
2001-11-14;0:00:00,2.26
2001-11-15;0:00:00,2.45
2001-11-16;0:00:00,2.58
2001-11-19;0:00:00,2.54
2001-11-20;0:00:00,2.49
2001-11-21;0:00:00,2.63
2001-11-22;0:00:00,2.63
2001-11-23;0:00:00,2.67
2001-11-26;0:00:00,2.62
2001-11-27;0:00:00,2.74
2001-11-28;0:00:00,2.48
2001-11-29;0:00:00,2.49
2001-11-30;0:00:00,2.38
2001-12-03;0:00:00,2.35
2001-12-04;0:00:00,2.35
2001-12-05;0:00:00,2.52
2001-12-06;0:00:00,2.58
2001-12-07;0:00:00,2.54
2001-12-10;0:00:00,2.42
2001-12-11;0:00:00,2.37
2001-12-12;0:00:00,2.28
2001-12-13;0:00:00,2.38
2001-12-14;0:00:00,2.45
2001-12-17;0:00:00,2.5
2001-12-18;0:00:00,2.42
2001-12-19;0:00:00,2.39
2001-12-20;0:00:00,2.43
2001-12-21;0:00:00,2.44
2001-12-24;0:00:00,2.47
2001-12-25;0:00:00,2.47
2001-12-26;0:00:00,2.51
2001-12-27;0:00:00,2.49
2001-12-28;0:00:00,2.48
2001-12-31;0:00:00,2.44
2002-01-01;0:00:00,2.44
2002-01-02;0:00:00,2.46
2002-01-03;0:00:00,2.45
2002-01-04;0:00:00,2.47
2002-01-07;0:00:00,2.42
2002-01-08;0:00:00,2.37
2002-01-09;0:00:00,2.4
2002-01-10;0:00:00,2.36
2002-01-11;0:00:00,2.33
2002-01-14;0:00:00,2.13
2002-01-15;0:00:00,2.15
2002-01-16;0:00:00,2.15
2002-01-17;0:00:00,2.26
2002-01-18;0:00:00,2.29
2002-01-21;0:00:00,2.29
2002-01-22;0:00:00,2.35
2002-01-23;0:00:00,2.36
2002-01-24;0:00:00,2.45
2002-01-25;0:00:00,2.52
2002-01-28;0:00:00,2.52
2002-01-29;0:00:00,2.49
2002-01-30;0:00:00,2.44
2002-01-31;0:00:00,2.49
2002-02-01;0:00:00,2.51
2002-02-04;0:00:00,2.44
2002-02-05;0:00:00,2.41
2002-02-06;0:00:00,2.4
2002-02-07;0:00:00,2.42
2002-02-08;0:00:00,2.39
2002-02-11;0:00:00,2.41
2002-02-12;0:00:00,2.41
2002-02-13;0:00:00,2.5
2002-02-14;0:00:00,2.53
2002-02-15;0:00:00,2.46
2002-02-18;0:00:00,2.46
2002-02-19;0:00:00,2.45
2002-02-20;0:00:00,2.45
2002-02-21;0:00:00,2.46
2002-02-22;0:00:00,2.45
2002-02-25;0:00:00,2.48
2002-02-26;0:00:00,2.47
2002-02-27;0:00:00,2.46
2002-02-28;0:00:00,2.48
2002-03-01;0:00:00,2.56
2002-03-04;0:00:00,2.63
2002-03-05;0:00:00,2.66
2002-03-06;0:00:00,2.61
2002-03-07;0:00:00,2.74
2002-03-08;0:00:00,2.84
2002-03-11;0:00:00,2.88
2002-03-12;0:00:00,2.86
2002-03-13;0:00:00,2.85
2002-03-14;0:00:00,2.89
2002-03-15;0:00:00,2.96
2002-03-18;0:00:00,2.95
2002-03-19;0:00:00,2.95
2002-03-20;0:00:00,2.96
2002-03-21;0:00:00,3.08
2002-03-22;0:00:00,3.06
2002-03-25;0:00:00,3.09
2002-03-26;0:00:00,3.04
2002-03-27;0:00:00,3.03
2002-03-28;0:00:00,3.06
2002-03-29;0:00:00,3.06
2002-04-01;0:00:00,3.06
2002-04-02;0:00:00,3.04
2002-04-03;0:00:00,2.96
2002-04-04;0:00:00,2.94
2002-04-05;0:00:00,2.9
2002-04-08;0:00:00,2.83
2002-04-09;0:00:00,2.86
2002-04-10;0:00:00,2.84
2002-04-11;0:00:00,2.83
2002-04-12;0:00:00,2.79
2002-04-15;0:00:00,2.77
2002-04-16;0:00:00,2.85
2002-04-17;0:00:00,2.74
2002-04-18;0:00:00,2.71
2002-04-19;0:00:00,2.73
2002-04-22;0:00:00,2.72
2002-04-23;0:00:00,2.74
2002-04-24;0:00:00,2.73
2002-04-25;0:00:00,2.66
2002-04-26;0:00:00,2.64
2002-04-29;0:00:00,2.65
2002-04-30;0:00:00,2.66
2002-05-01;0:00:00,2.62
2002-05-02;0:00:00,2.69
2002-05-03;0:00:00,2.61
2002-05-06;0:00:00,2.61
2002-05-07;0:00:00,2.57
2002-05-08;0:00:00,2.6
2002-05-09;0:00:00,2.68
2002-05-10;0:00:00,2.64
2002-05-13;0:00:00,2.61
2002-05-14;0:00:00,2.75
2002-05-15;0:00:00,2.76
2002-05-16;0:00:00,2.69
2002-05-17;0:00:00,2.73
2002-05-20;0:00:00,2.7
2002-05-21;0:00:00,2.66
2002-05-22;0:00:00,2.62
2002-05-23;0:00:00,2.66
2002-05-24;0:00:00,2.67
2002-05-27;0:00:00,2.67
2002-05-28;0:00:00,2.69
2002-05-29;0:00:00,2.65
2002-05-30;0:00:00,2.63
2002-05-31;0:00:00,2.65
2002-06-03;0:00:00,2.65
2002-06-04;0:00:00,2.58
2002-06-05;0:00:00,2.6
2002-06-06;0:00:00,2.61
2002-06-07;0:00:00,2.57
2002-06-10;0:00:00,2.59
2002-06-11;0:00:00,2.58
2002-06-12;0:00:00,2.52
2002-06-13;0:00:00,2.46
2002-06-14;0:00:00,2.4
2002-06-17;0:00:00,2.44
2002-06-18;0:00:00,2.41
2002-06-19;0:00:00,2.36
2002-06-20;0:00:00,2.34
2002-06-21;0:00:00,2.39
2002-06-24;0:00:00,2.33
2002-06-25;0:00:00,2.36
2002-06-26;0:00:00,2.21
2002-06-27;0:00:00,2.28
2002-06-28;0:00:00,2.32
2002-07-01;0:00:00,2.31
2002-07-02;0:00:00,2.26
2002-07-03;0:00:00,2.24
2002-07-04;0:00:00,2.24
2002-07-05;0:00:00,2.32
2002-07-08;0:00:00,2.3
2002-07-09;0:00:00,2.27
2002-07-10;0:00:00,2.22
2002-07-11;0:00:00,2.16
2002-07-12;0:00:00,2.15
2002-07-15;0:00:00,2.1
2002-07-16;0:00:00,2.15
2002-07-17;0:00:00,2.19
2002-07-18;0:00:00,2.17
2002-07-19;0:00:00,2.12
2002-07-22;0:00:00,2.09
2002-07-23;0:00:00,2.07
2002-07-24;0:00:00,1.96
2002-07-25;0:00:00,2.02
2002-07-26;0:00:00,1.98
2002-07-29;0:00:00,2.03
2002-07-30;0:00:00,2.07
2002-07-31;0:00:00,2.03
2002-08-01;0:00:00,1.93
2002-08-02;0:00:00,1.9
2002-08-05;0:00:00,1.81
2002-08-06;0:00:00,1.84
2002-08-07;0:00:00,1.77
2002-08-08;0:00:00,1.8
2002-08-09;0:00:00,1.85
2002-08-12;0:00:00,1.86
2002-08-13;0:00:00,1.85
2002-08-14;0:00:00,1.77
2002-08-15;0:00:00,1.96
2002-08-16;0:00:00,1.95
2002-08-19;0:00:00,1.96
2002-08-20;0:00:00,1.9
2002-08-21;0:00:00,1.9
2002-08-22;0:00:00,1.95
2002-08-23;0:00:00,1.95
2002-08-26;0:00:00,1.94
2002-08-27;0:00:00,2.0
2002-08-28;0:00:00,1.98
2002-08-29;0:00:00,1.92
2002-08-30;0:00:00,1.96
2002-09-02;0:00:00,1.96
2002-09-03;0:00:00,1.82
2002-09-04;0:00:00,1.81
2002-09-05;0:00:00,1.81
2002-09-06;0:00:00,1.86
2002-09-09;0:00:00,1.89
2002-09-10;0:00:00,1.97
2002-09-11;0:00:00,2.02
2002-09-12;0:00:00,1.94
2002-09-13;0:00:00,1.93
2002-09-16;0:00:00,1.93
2002-09-17;0:00:00,1.96
2002-09-18;0:00:00,1.9
2002-09-19;0:00:00,1.86
2002-09-20;0:00:00,1.85
2002-09-23;0:00:00,1.81
2002-09-24;0:00:00,1.78
2002-09-25;0:00:00,1.79
2002-09-26;0:00:00,1.84
2002-09-27;0:00:00,1.8
2002-09-30;0:00:00,1.66
2002-10-01;0:00:00,1.67
2002-10-02;0:00:00,1.71
2002-10-03;0:00:00,1.7
2002-10-04;0:00:00,1.77
2002-10-07;0:00:00,1.73
2002-10-08;0:00:00,1.76
2002-10-09;0:00:00,1.75
2002-10-10;0:00:00,1.75
2002-10-11;0:00:00,1.8
2002-10-14;0:00:00,1.8
2002-10-15;0:00:00,1.92
2002-10-16;0:00:00,1.94
2002-10-17;0:00:00,1.98
2002-10-18;0:00:00,1.99
2002-10-21;0:00:00,1.98
2002-10-22;0:00:00,2.02
2002-10-23;0:00:00,1.96
2002-10-24;0:00:00,1.95
2002-10-25;0:00:00,1.88
2002-10-28;0:00:00,1.74
2002-10-29;0:00:00,1.65
2002-10-30;0:00:00,1.67
2002-10-31;0:00:00,1.62
2002-11-01;0:00:00,1.64
2002-11-04;0:00:00,1.64
2002-11-05;0:00:00,1.63
2002-11-06;0:00:00,1.63
2002-11-07;0:00:00,1.56
2002-11-08;0:00:00,1.56
2002-11-11;0:00:00,1.56
2002-11-12;0:00:00,1.54
2002-11-13;0:00:00,1.55
2002-11-14;0:00:00,1.6
2002-11-15;0:00:00,1.65
2002-11-18;0:00:00,1.65
2002-11-19;0:00:00,1.62
2002-11-20;0:00:00,1.62
2002-11-21;0:00:00,1.72
2002-11-22;0:00:00,1.72
2002-11-25;0:00:00,1.72
2002-11-26;0:00:00,1.65
2002-11-27;0:00:00,1.73
2002-11-28;0:00:00,1.73
2002-11-29;0:00:00,1.7
2002-12-02;0:00:00,1.7
2002-12-03;0:00:00,1.7
2002-12-04;0:00:00,1.68
2002-12-05;0:00:00,1.67
2002-12-06;0:00:00,1.62
2002-12-09;0:00:00,1.6
2002-12-10;0:00:00,1.6
2002-12-11;0:00:00,1.59
2002-12-12;0:00:00,1.59
2002-12-13;0:00:00,1.57
2002-12-16;0:00:00,1.59
2002-12-17;0:00:00,1.58
2002-12-18;0:00:00,1.53
2002-12-19;0:00:00,1.52
2002-12-20;0:00:00,1.53
2002-12-23;0:00:00,1.55
2002-12-24;0:00:00,1.49
2002-12-25;0:00:00,1.49
2002-12-26;0:00:00,1.5
2002-12-27;0:00:00,1.45
2002-12-30;0:00:00,1.45
2002-12-31;0:00:00,1.42
2003-01-01;0:00:00,1.42
2003-01-02;0:00:00,1.54
2003-01-03;0:00:00,1.54
2003-01-06;0:00:00,1.56
2003-01-07;0:00:00,1.52
2003-01-08;0:00:00,1.5
2003-01-09;0:00:00,1.54
2003-01-10;0:00:00,1.53
2003-01-13;0:00:00,1.51
2003-01-14;0:00:00,1.49
2003-01-15;0:00:00,1.48
2003-01-16;0:00:00,1.49
2003-01-17;0:00:00,1.45
2003-01-20;0:00:00,1.45
2003-01-21;0:00:00,1.45
2003-01-22;0:00:00,1.43
2003-01-23;0:00:00,1.44
2003-01-24;0:00:00,1.42
2003-01-27;0:00:00,1.43
2003-01-28;0:00:00,1.45
2003-01-29;0:00:00,1.43
2003-01-30;0:00:00,1.47
2003-01-31;0:00:00,1.44
2003-02-03;0:00:00,1.46
2003-02-04;0:00:00,1.43
2003-02-05;0:00:00,1.44
2003-02-06;0:00:00,1.42
2003-02-07;0:00:00,1.42
2003-02-10;0:00:00,1.4
2003-02-11;0:00:00,1.41
2003-02-12;0:00:00,1.38
2003-02-13;0:00:00,1.38
2003-02-14;0:00:00,1.4
2003-02-17;0:00:00,1.4
2003-02-18;0:00:00,1.43
2003-02-19;0:00:00,1.4
2003-02-20;0:00:00,1.39
2003-02-21;0:00:00,1.4
2003-02-24;0:00:00,1.39
2003-02-25;0:00:00,1.37
2003-02-26;0:00:00,1.38
2003-02-27;0:00:00,1.4
2003-02-28;0:00:00,1.38
2003-03-03;0:00:00,1.36
2003-03-04;0:00:00,1.34
2003-03-05;0:00:00,1.31
2003-03-06;0:00:00,1.31
2003-03-07;0:00:00,1.24
2003-03-10;0:00:00,1.17
2003-03-11;0:00:00,1.19
2003-03-12;0:00:00,1.23
2003-03-13;0:00:00,1.31
2003-03-14;0:00:00,1.35
2003-03-17;0:00:00,1.35
2003-03-18;0:00:00,1.35
2003-03-19;0:00:00,1.4
2003-03-20;0:00:00,1.38
2003-03-21;0:00:00,1.45
2003-03-24;0:00:00,1.41
2003-03-25;0:00:00,1.39
2003-03-26;0:00:00,1.39
2003-03-27;0:00:00,1.34
2003-03-28;0:00:00,1.32
2003-03-31;0:00:00,1.27
2003-04-01;0:00:00,1.27
2003-04-02;0:00:00,1.33
2003-04-03;0:00:00,1.31
2003-04-04;0:00:00,1.29
2003-04-07;0:00:00,1.38
2003-04-08;0:00:00,1.35
2003-04-09;0:00:00,1.33
2003-04-10;0:00:00,1.33
2003-04-11;0:00:00,1.38
2003-04-14;0:00:00,1.42
2003-04-15;0:00:00,1.43
2003-04-16;0:00:00,1.44
2003-04-17;0:00:00,1.41
2003-04-18;0:00:00,1.41
2003-04-21;0:00:00,1.45
2003-04-22;0:00:00,1.41
2003-04-23;0:00:00,1.42
2003-04-24;0:00:00,1.36
2003-04-25;0:00:00,1.32
2003-04-28;0:00:00,1.35
2003-04-29;0:00:00,1.37
2003-04-30;0:00:00,1.33
2003-05-01;0:00:00,1.27
2003-05-02;0:00:00,1.31
2003-05-05;0:00:00,1.33
2003-05-06;0:00:00,1.32
2003-05-07;0:00:00,1.27
2003-05-08;0:00:00,1.27
2003-05-09;0:00:00,1.3
2003-05-12;0:00:00,1.27
2003-05-13;0:00:00,1.29
2003-05-14;0:00:00,1.27
2003-05-15;0:00:00,1.28
2003-05-16;0:00:00,1.25
2003-05-19;0:00:00,1.2
2003-05-20;0:00:00,1.2
2003-05-21;0:00:00,1.2
2003-05-22;0:00:00,1.22
2003-05-23;0:00:00,1.21
2003-05-26;0:00:00,1.21
2003-05-27;0:00:00,1.23
2003-05-28;0:00:00,1.25
2003-05-29;0:00:00,1.21
2003-05-30;0:00:00,1.24
2003-06-02;0:00:00,1.24
2003-06-03;0:00:00,1.21
2003-06-04;0:00:00,1.17
2003-06-05;0:00:00,1.14
2003-06-06;0:00:00,1.17
2003-06-09;0:00:00,1.12
2003-06-10;0:00:00,1.07
2003-06-11;0:00:00,1.06
2003-06-12;0:00:00,1.02
2003-06-13;0:00:00,1.0
2003-06-16;0:00:00,1.01
2003-06-17;0:00:00,1.04
2003-06-18;0:00:00,1.07
2003-06-19;0:00:00,1.02
2003-06-20;0:00:00,1.03
2003-06-23;0:00:00,1.02
2003-06-24;0:00:00,1.02
2003-06-25;0:00:00,1.01
2003-06-26;0:00:00,1.18
2003-06-27;0:00:00,1.2
2003-06-30;0:00:00,1.18
2003-07-01;0:00:00,1.17
2003-07-02;0:00:00,1.18
2003-07-03;0:00:00,1.17
2003-07-04;0:00:00,1.17
2003-07-07;0:00:00,1.18
2003-07-08;0:00:00,1.19
2003-07-09;0:00:00,1.19
2003-07-10;0:00:00,1.17
2003-07-11;0:00:00,1.17
2003-07-14;0:00:00,1.17
2003-07-15;0:00:00,1.19
2003-07-16;0:00:00,1.21
2003-07-17;0:00:00,1.23
2003-07-18;0:00:00,1.21
2003-07-21;0:00:00,1.23
2003-07-22;0:00:00,1.24
2003-07-23;0:00:00,1.21
2003-07-24;0:00:00,1.23
2003-07-25;0:00:00,1.2
2003-07-28;0:00:00,1.24
2003-07-29;0:00:00,1.25
2003-07-30;0:00:00,1.27
2003-07-31;0:00:00,1.33
2003-08-01;0:00:00,1.43
2003-08-04;0:00:00,1.42
2003-08-05;0:00:00,1.42
2003-08-06;0:00:00,1.44
2003-08-07;0:00:00,1.4
2003-08-08;0:00:00,1.34
2003-08-11;0:00:00,1.39
2003-08-12;0:00:00,1.38
2003-08-13;0:00:00,1.4
2003-08-14;0:00:00,1.41
2003-08-15;0:00:00,1.4
2003-08-18;0:00:00,1.41
2003-08-19;0:00:00,1.42
2003-08-20;0:00:00,1.4
2003-08-21;0:00:00,1.42
2003-08-22;0:00:00,1.48
2003-08-25;0:00:00,1.48
2003-08-26;0:00:00,1.48
2003-08-27;0:00:00,1.48
2003-08-28;0:00:00,1.44
2003-08-29;0:00:00,1.45
2003-09-01;0:00:00,1.45
2003-09-02;0:00:00,1.48
2003-09-03;0:00:00,1.49
2003-09-04;0:00:00,1.45
2003-09-05;0:00:00,1.38
2003-09-08;0:00:00,1.33
2003-09-09;0:00:00,1.35
2003-09-10;0:00:00,1.33
2003-09-11;0:00:00,1.34
2003-09-12;0:00:00,1.3
2003-09-15;0:00:00,1.32
2003-09-16;0:00:00,1.32
2003-09-17;0:00:00,1.3
2003-09-18;0:00:00,1.33
2003-09-19;0:00:00,1.33
2003-09-22;0:00:00,1.34
2003-09-23;0:00:00,1.33
2003-09-24;0:00:00,1.33
2003-09-25;0:00:00,1.3
2003-09-26;0:00:00,1.3
2003-09-29;0:00:00,1.3
2003-09-30;0:00:00,1.25
2003-10-01;0:00:00,1.23
2003-10-02;0:00:00,1.27
2003-10-03;0:00:00,1.34
2003-10-06;0:00:00,1.34
2003-10-07;0:00:00,1.34
2003-10-08;0:00:00,1.34
2003-10-09;0:00:00,1.36
2003-10-10;0:00:00,1.34
2003-10-13;0:00:00,1.34
2003-10-14;0:00:00,1.39
2003-10-15;0:00:00,1.43
2003-10-16;0:00:00,1.43
2003-10-17;0:00:00,1.52
2003-10-20;0:00:00,1.53
2003-10-21;0:00:00,1.51
2003-10-22;0:00:00,1.5
2003-10-23;0:00:00,1.49
2003-10-24;0:00:00,1.48
2003-10-27;0:00:00,1.48
2003-10-28;0:00:00,1.5
2003-10-29;0:00:00,1.44
2003-10-30;0:00:00,1.49
2003-10-31;0:00:00,1.48
2003-11-03;0:00:00,1.53
2003-11-04;0:00:00,1.5
2003-11-05;0:00:00,1.5
2003-11-06;0:00:00,1.56
2003-11-07;0:00:00,1.6
2003-11-10;0:00:00,1.59
2003-11-11;0:00:00,1.59
2003-11-12;0:00:00,1.59
2003-11-13;0:00:00,1.53
2003-11-14;0:00:00,1.47
2003-11-17;0:00:00,1.44
2003-11-18;0:00:00,1.47
2003-11-19;0:00:00,1.48
2003-11-20;0:00:00,1.5
2003-11-21;0:00:00,1.45
2003-11-24;0:00:00,1.5
2003-11-25;0:00:00,1.51
2003-11-26;0:00:00,1.52
2003-11-27;0:00:00,1.52
2003-11-28;0:00:00,1.6
2003-12-01;0:00:00,1.65
2003-12-02;0:00:00,1.64
2003-12-03;0:00:00,1.62
2003-12-04;0:00:00,1.63
2003-12-05;0:00:00,1.5
2003-12-08;0:00:00,1.51
2003-12-09;0:00:00,1.52
2003-12-10;0:00:00,1.52
2003-12-11;0:00:00,1.52
2003-12-12;0:00:00,1.42
2003-12-15;0:00:00,1.46
2003-12-16;0:00:00,1.46
2003-12-17;0:00:00,1.44
2003-12-18;0:00:00,1.47
2003-12-19;0:00:00,1.48
2003-12-22;0:00:00,1.46
2003-12-23;0:00:00,1.48
2003-12-24;0:00:00,1.47
2003-12-25;0:00:00,1.47
2003-12-26;0:00:00,1.45
2003-12-29;0:00:00,1.46
2003-12-30;0:00:00,1.46
2003-12-31;0:00:00,1.47
2004-01-01;0:00:00,1.47
2004-01-02;0:00:00,1.53
2004-01-05;0:00:00,1.53
2004-01-06;0:00:00,1.49
2004-01-07;0:00:00,1.47
2004-01-08;0:00:00,1.48
2004-01-09;0:00:00,1.37
2004-01-12;0:00:00,1.34
2004-01-13;0:00:00,1.35
2004-01-14;0:00:00,1.36
2004-01-15;0:00:00,1.37
2004-01-16;0:00:00,1.36
2004-01-19;0:00:00,1.36
2004-01-20;0:00:00,1.39
2004-01-21;0:00:00,1.39
2004-01-22;0:00:00,1.38
2004-01-23;0:00:00,1.35
2004-01-26;0:00:00,1.39
2004-01-27;0:00:00,1.39
2004-01-28;0:00:00,1.37
2004-01-29;0:00:00,1.52
2004-01-30;0:00:00,1.49
2004-02-02;0:00:00,1.47
2004-02-03;0:00:00,1.46
2004-02-04;0:00:00,1.45
2004-02-05;0:00:00,1.45
2004-02-06;0:00:00,1.43
2004-02-09;0:00:00,1.43
2004-02-10;0:00:00,1.46
2004-02-11;0:00:00,1.47
2004-02-12;0:00:00,1.39
2004-02-13;0:00:00,1.37
2004-02-16;0:00:00,1.37
2004-02-17;0:00:00,1.38
2004-02-18;0:00:00,1.36
2004-02-19;0:00:00,1.39
2004-02-20;0:00:00,1.4
2004-02-23;0:00:00,1.4
2004-02-24;0:00:00,1.36
2004-02-25;0:00:00,1.37
2004-02-26;0:00:00,1.37
2004-02-27;0:00:00,1.37
2004-03-01;0:00:00,1.39
2004-03-02;0:00:00,1.4
2004-03-03;0:00:00,1.44
2004-03-04;0:00:00,1.42
2004-03-05;0:00:00,1.31
2004-03-08;0:00:00,1.29
2004-03-09;0:00:00,1.29
2004-03-10;0:00:00,1.31
2004-03-11;0:00:00,1.31
2004-03-12;0:00:00,1.3
2004-03-15;0:00:00,1.31
2004-03-16;0:00:00,1.33
2004-03-17;0:00:00,1.29
2004-03-18;0:00:00,1.31
2004-03-19;0:00:00,1.31
2004-03-22;0:00:00,1.3
2004-03-23;0:00:00,1.3
2004-03-24;0:00:00,1.29
2004-03-25;0:00:00,1.31
2004-03-26;0:00:00,1.32
2004-03-29;0:00:00,1.36
2004-03-30;0:00:00,1.35
2004-03-31;0:00:00,1.35
2004-04-01;0:00:00,1.38
2004-04-02;0:00:00,1.52
2004-04-05;0:00:00,1.53
2004-04-06;0:00:00,1.51
2004-04-07;0:00:00,1.48
2004-04-08;0:00:00,1.51
2004-04-09;0:00:00,1.51
2004-04-12;0:00:00,1.52
2004-04-13;0:00:00,1.56
2004-04-14;0:00:00,1.64
2004-04-15;0:00:00,1.65
2004-04-16;0:00:00,1.6
2004-04-19;0:00:00,1.61
2004-04-20;0:00:00,1.64
2004-04-21;0:00:00,1.7
2004-04-22;0:00:00,1.7
2004-04-23;0:00:00,1.75
2004-04-26;0:00:00,1.78
2004-04-27;0:00:00,1.77
2004-04-28;0:00:00,1.77
2004-04-29;0:00:00,1.81
2004-04-30;0:00:00,1.82
2004-05-03;0:00:00,1.82
2004-05-04;0:00:00,1.82
2004-05-05;0:00:00,1.81
2004-05-06;0:00:00,1.87
2004-05-07;0:00:00,2.05
2004-05-10;0:00:00,2.07
2004-05-11;0:00:00,2.05
2004-05-12;0:00:00,2.06
2004-05-13;0:00:00,2.09
2004-05-14;0:00:00,2.09
2004-05-17;0:00:00,2.02
2004-05-18;0:00:00,2.05
2004-05-19;0:00:00,2.09
2004-05-20;0:00:00,2.09
2004-05-21;0:00:00,2.07
2004-05-24;0:00:00,2.13
2004-05-25;0:00:00,2.11
2004-05-26;0:00:00,2.09
2004-05-27;0:00:00,2.06
2004-05-28;0:00:00,2.1
2004-05-31;0:00:00,2.1
2004-06-01;0:00:00,2.15
2004-06-02;0:00:00,2.19
2004-06-03;0:00:00,2.2
2004-06-04;0:00:00,2.26
2004-06-07;0:00:00,2.26
2004-06-08;0:00:00,2.27
2004-06-09;0:00:00,2.33
2004-06-10;0:00:00,2.39
2004-06-11;0:00:00,2.39
2004-06-14;0:00:00,2.48
2004-06-15;0:00:00,2.43
2004-06-16;0:00:00,2.43
2004-06-17;0:00:00,2.45
2004-06-18;0:00:00,2.38
2004-06-21;0:00:00,2.4
2004-06-22;0:00:00,2.42
2004-06-23;0:00:00,2.42
2004-06-24;0:00:00,2.36
2004-06-25;0:00:00,2.39
2004-06-28;0:00:00,2.46
2004-06-29;0:00:00,2.47
2004-06-30;0:00:00,2.43
2004-07-01;0:00:00,2.37
2004-07-02;0:00:00,2.24
2004-07-05;0:00:00,2.24
2004-07-06;0:00:00,2.27
2004-07-07;0:00:00,2.25
2004-07-08;0:00:00,2.26
2004-07-09;0:00:00,2.26
2004-07-12;0:00:00,2.25
2004-07-13;0:00:00,2.3
2004-07-14;0:00:00,2.32
2004-07-15;0:00:00,2.32
2004-07-16;0:00:00,2.27
2004-07-19;0:00:00,2.28
2004-07-20;0:00:00,2.3
2004-07-21;0:00:00,2.41
2004-07-22;0:00:00,2.39
2004-07-23;0:00:00,2.4
2004-07-26;0:00:00,2.43
2004-07-27;0:00:00,2.45
2004-07-28;0:00:00,2.47
2004-07-29;0:00:00,2.46
2004-07-30;0:00:00,2.39
2004-08-02;0:00:00,2.37
2004-08-03;0:00:00,2.37
2004-08-04;0:00:00,2.37
2004-08-05;0:00:00,2.36
2004-08-06;0:00:00,2.18
2004-08-09;0:00:00,2.2
2004-08-10;0:00:00,2.21
2004-08-11;0:00:00,2.27
2004-08-12;0:00:00,2.28
2004-08-13;0:00:00,2.25
2004-08-16;0:00:00,2.28
2004-08-17;0:00:00,2.26
2004-08-18;0:00:00,2.25
2004-08-19;0:00:00,2.25
2004-08-20;0:00:00,2.25
2004-08-23;0:00:00,2.3
2004-08-24;0:00:00,2.32
2004-08-25;0:00:00,2.28
2004-08-26;0:00:00,2.31
2004-08-27;0:00:00,2.3
2004-08-30;0:00:00,2.3
2004-08-31;0:00:00,2.26
2004-09-01;0:00:00,2.28
2004-09-02;0:00:00,2.29
2004-09-03;0:00:00,2.41
2004-09-06;0:00:00,2.41
2004-09-07;0:00:00,2.43
2004-09-08;0:00:00,2.43
2004-09-09;0:00:00,2.38
2004-09-10;0:00:00,2.33
2004-09-13;0:00:00,2.34
2004-09-14;0:00:00,2.33
2004-09-15;0:00:00,2.34
2004-09-16;0:00:00,2.34
2004-09-17;0:00:00,2.34
2004-09-20;0:00:00,2.33
2004-09-21;0:00:00,2.35
2004-09-22;0:00:00,2.38
2004-09-23;0:00:00,2.36
2004-09-24;0:00:00,2.47
2004-09-27;0:00:00,2.44
2004-09-28;0:00:00,2.44
2004-09-29;0:00:00,2.48
2004-09-30;0:00:00,2.51
2004-10-01;0:00:00,2.5
2004-10-04;0:00:00,2.53
2004-10-05;0:00:00,2.52
2004-10-06;0:00:00,2.52
2004-10-07;0:00:00,2.57
2004-10-08;0:00:00,2.48
2004-10-11;0:00:00,2.48
2004-10-12;0:00:00,2.44
2004-10-13;0:00:00,2.46
2004-10-14;0:00:00,2.42
2004-10-15;0:00:00,2.44
2004-10-18;0:00:00,2.44
2004-10-19;0:00:00,2.47
2004-10-20;0:00:00,2.44
2004-10-21;0:00:00,2.45
2004-10-22;0:00:00,2.47
2004-10-25;0:00:00,2.45
2004-10-26;0:00:00,2.46
2004-10-27;0:00:00,2.49
2004-10-28;0:00:00,2.55
2004-10-29;0:00:00,2.55
2004-11-01;0:00:00,2.56
2004-11-02;0:00:00,2.59
2004-11-03;0:00:00,2.61
2004-11-04;0:00:00,2.58
2004-11-05;0:00:00,2.75
2004-11-08;0:00:00,2.77
2004-11-09;0:00:00,2.77
2004-11-10;0:00:00,2.81
2004-11-11;0:00:00,2.81
2004-11-12;0:00:00,2.8
2004-11-15;0:00:00,2.84
2004-11-16;0:00:00,2.88
2004-11-17;0:00:00,2.86
2004-11-18;0:00:00,2.87
2004-11-19;0:00:00,2.93
2004-11-22;0:00:00,2.93
2004-11-23;0:00:00,2.94
2004-11-24;0:00:00,2.95
2004-11-25;0:00:00,2.95
2004-11-26;0:00:00,2.97
2004-11-29;0:00:00,2.99
2004-11-30;0:00:00,2.97
2004-12-01;0:00:00,2.97
2004-12-02;0:00:00,3.01
2004-12-03;0:00:00,2.91
2004-12-06;0:00:00,2.93
2004-12-07;0:00:00,2.94
2004-12-08;0:00:00,2.93
2004-12-09;0:00:00,2.92
2004-12-10;0:00:00,2.95
2004-12-13;0:00:00,2.99
2004-12-14;0:00:00,3.02
2004-12-15;0:00:00,3.01
2004-12-16;0:00:00,3.03
2004-12-17;0:00:00,3.06
2004-12-20;0:00:00,3.06
2004-12-21;0:00:00,3.1
2004-12-22;0:00:00,3.1
2004-12-23;0:00:00,3.09
2004-12-24;0:00:00,3.09
2004-12-27;0:00:00,3.1
2004-12-28;0:00:00,3.12
2004-12-29;0:00:00,3.1
2004-12-30;0:00:00,3.12
2004-12-31;0:00:00,3.09
2005-01-03;0:00:00,3.11
2005-01-04;0:00:00,3.13
2005-01-05;0:00:00,3.19
2005-01-06;0:00:00,3.17
2005-01-07;0:00:00,3.18
2005-01-10;0:00:00,3.2
2005-01-11;0:00:00,3.22
2005-01-12;0:00:00,3.21
2005-01-13;0:00:00,3.2
2005-01-14;0:00:00,3.24
2005-01-17;0:00:00,3.24
2005-01-18;0:00:00,3.25
2005-01-19;0:00:00,3.26
2005-01-20;0:00:00,3.24
2005-01-21;0:00:00,3.22
2005-01-24;0:00:00,3.21
2005-01-25;0:00:00,3.24
2005-01-26;0:00:00,3.25
2005-01-27;0:00:00,3.27
2005-01-28;0:00:00,3.26
2005-01-31;0:00:00,3.28
2005-02-01;0:00:00,3.28
2005-02-02;0:00:00,3.3
2005-02-03;0:00:00,3.34
2005-02-04;0:00:00,3.3
2005-02-07;0:00:00,3.32
2005-02-08;0:00:00,3.34
2005-02-09;0:00:00,3.3
2005-02-10;0:00:00,3.31
2005-02-11;0:00:00,3.31
2005-02-14;0:00:00,3.37
2005-02-15;0:00:00,3.37
2005-02-16;0:00:00,3.41
2005-02-17;0:00:00,3.42
2005-02-18;0:00:00,3.45
2005-02-21;0:00:00,3.45
2005-02-22;0:00:00,3.47
2005-02-23;0:00:00,3.47
2005-02-24;0:00:00,3.51
2005-02-25;0:00:00,3.54
2005-02-28;0:00:00,3.55
2005-03-01;0:00:00,3.57
2005-03-02;0:00:00,3.57
2005-03-03;0:00:00,3.57
2005-03-04;0:00:00,3.57
2005-03-07;0:00:00,3.57
2005-03-08;0:00:00,3.61
2005-03-09;0:00:00,3.63
2005-03-10;0:00:00,3.66
2005-03-11;0:00:00,3.68
2005-03-14;0:00:00,3.7
2005-03-15;0:00:00,3.7
2005-03-16;0:00:00,3.68
2005-03-17;0:00:00,3.7
2005-03-18;0:00:00,3.72
2005-03-21;0:00:00,3.72
2005-03-22;0:00:00,3.72
2005-03-23;0:00:00,3.85
2005-03-24;0:00:00,3.82
2005-03-25;0:00:00,3.82
2005-03-28;0:00:00,3.86
2005-03-29;0:00:00,3.85
2005-03-30;0:00:00,3.85
2005-03-31;0:00:00,3.82
2005-04-01;0:00:00,3.82
2005-04-04;0:00:00,3.79
2005-04-05;0:00:00,3.8
2005-04-06;0:00:00,3.78
2005-04-07;0:00:00,3.76
2005-04-08;0:00:00,3.82
2005-04-11;0:00:00,3.82
2005-04-12;0:00:00,3.83
2005-04-13;0:00:00,3.77
2005-04-14;0:00:00,3.73
2005-04-15;0:00:00,3.7
2005-04-18;0:00:00,3.63
2005-04-19;0:00:00,3.62
2005-04-20;0:00:00,3.66
2005-04-21;0:00:00,3.67
2005-04-22;0:00:00,3.71
2005-04-25;0:00:00,3.73
2005-04-26;0:00:00,3.75
2005-04-27;0:00:00,3.69
2005-04-28;0:00:00,3.69
2005-04-29;0:00:00,3.7
2005-05-02;0:00:00,3.74
2005-05-03;0:00:00,3.73
2005-05-04;0:00:00,3.73
2005-05-05;0:00:00,3.69
2005-05-06;0:00:00,3.77
2005-05-09;0:00:00,3.82
2005-05-10;0:00:00,3.8
2005-05-11;0:00:00,3.76
2005-05-12;0:00:00,3.79
2005-05-13;0:00:00,3.76
2005-05-16;0:00:00,3.73
2005-05-17;0:00:00,3.73
2005-05-18;0:00:00,3.72
2005-05-19;0:00:00,3.76
2005-05-20;0:00:00,3.79
2005-05-23;0:00:00,3.78
2005-05-24;0:00:00,3.77
2005-05-25;0:00:00,3.76
2005-05-26;0:00:00,3.79
2005-05-27;0:00:00,3.81
2005-05-30;0:00:00,3.81
2005-05-31;0:00:00,3.77
2005-06-01;0:00:00,3.66
2005-06-02;0:00:00,3.72
2005-06-03;0:00:00,3.72
2005-06-06;0:00:00,3.76
2005-06-07;0:00:00,3.75
2005-06-08;0:00:00,3.76
2005-06-09;0:00:00,3.81
2005-06-10;0:00:00,3.85
2005-06-13;0:00:00,3.86
2005-06-14;0:00:00,3.86
2005-06-15;0:00:00,3.87
2005-06-16;0:00:00,3.89
2005-06-17;0:00:00,3.87
2005-06-20;0:00:00,3.89
2005-06-21;0:00:00,3.88
2005-06-22;0:00:00,3.85
2005-06-23;0:00:00,3.84
2005-06-24;0:00:00,3.83
2005-06-27;0:00:00,3.82
2005-06-28;0:00:00,3.86
2005-06-29;0:00:00,3.86
2005-06-30;0:00:00,3.87
2005-07-01;0:00:00,3.96
2005-07-04;0:00:00,3.96
2005-07-05;0:00:00,4.0
2005-07-06;0:00:00,4.0
2005-07-07;0:00:00,3.96
2005-07-08;0:00:00,4.0
2005-07-11;0:00:00,4.04
2005-07-12;0:00:00,4.03
2005-07-13;0:00:00,4.06
2005-07-14;0:00:00,4.07
2005-07-15;0:00:00,4.07
2005-07-18;0:00:00,4.09
2005-07-19;0:00:00,4.1
2005-07-20;0:00:00,4.12
2005-07-21;0:00:00,4.13
2005-07-22;0:00:00,4.11
2005-07-25;0:00:00,4.13
2005-07-26;0:00:00,4.14
2005-07-27;0:00:00,4.18
2005-07-28;0:00:00,4.18
2005-07-29;0:00:00,4.2
2005-08-01;0:00:00,4.23
2005-08-02;0:00:00,4.22
2005-08-03;0:00:00,4.23
2005-08-04;0:00:00,4.22
2005-08-05;0:00:00,4.27
2005-08-08;0:00:00,4.3
2005-08-09;0:00:00,4.31
2005-08-10;0:00:00,4.29
2005-08-11;0:00:00,4.31
2005-08-12;0:00:00,4.28
2005-08-15;0:00:00,4.29
2005-08-16;0:00:00,4.26
2005-08-17;0:00:00,4.27
2005-08-18;0:00:00,4.27
2005-08-19;0:00:00,4.29
2005-08-22;0:00:00,4.29
2005-08-23;0:00:00,4.27
2005-08-24;0:00:00,4.27
2005-08-25;0:00:00,4.27
2005-08-26;0:00:00,4.31
2005-08-29;0:00:00,4.29
2005-08-30;0:00:00,4.29
2005-08-31;0:00:00,4.16
2005-09-01;0:00:00,4.02
2005-09-02;0:00:00,4.0
2005-09-05;0:00:00,4.0
2005-09-06;0:00:00,4.07
2005-09-07;0:00:00,4.11
2005-09-08;0:00:00,4.14
2005-09-09;0:00:00,4.14
2005-09-12;0:00:00,4.18
2005-09-13;0:00:00,4.16
2005-09-14;0:00:00,4.17
2005-09-15;0:00:00,4.16
2005-09-16;0:00:00,4.21
2005-09-19;0:00:00,4.24
2005-09-20;0:00:00,4.24
2005-09-21;0:00:00,4.27
2005-09-22;0:00:00,4.26
2005-09-23;0:00:00,4.29
2005-09-26;0:00:00,4.37
2005-09-27;0:00:00,4.4
2005-09-28;0:00:00,4.42
2005-09-29;0:00:00,4.43
2005-09-30;0:00:00,4.49
2005-10-03;0:00:00,4.52
2005-10-04;0:00:00,4.5
2005-10-05;0:00:00,4.5
2005-10-06;0:00:00,4.5
2005-10-07;0:00:00,4.52
2005-10-10;0:00:00,4.52
2005-10-11;0:00:00,4.55
2005-10-12;0:00:00,4.56
2005-10-13;0:00:00,4.58
2005-10-14;0:00:00,4.56
2005-10-17;0:00:00,4.58
2005-10-18;0:00:00,4.57
2005-10-19;0:00:00,4.56
2005-10-20;0:00:00,4.6
2005-10-21;0:00:00,4.56
2005-10-24;0:00:00,4.59
2005-10-25;0:00:00,4.61
2005-10-26;0:00:00,4.68
2005-10-27;0:00:00,4.66
2005-10-28;0:00:00,4.68
2005-10-31;0:00:00,4.71
2005-11-01;0:00:00,4.73
2005-11-02;0:00:00,4.76
2005-11-03;0:00:00,4.79
2005-11-04;0:00:00,4.82
2005-11-07;0:00:00,4.8
2005-11-08;0:00:00,4.77
2005-11-09;0:00:00,4.81
2005-11-10;0:00:00,4.81
2005-11-11;0:00:00,4.81
2005-11-14;0:00:00,4.82
2005-11-15;0:00:00,4.83
2005-11-16;0:00:00,4.8
2005-11-17;0:00:00,4.8
2005-11-18;0:00:00,4.79
2005-11-21;0:00:00,4.77
2005-11-22;0:00:00,4.79
2005-11-23;0:00:00,4.74
2005-11-24;0:00:00,4.74
2005-11-25;0:00:00,4.74
2005-11-28;0:00:00,4.75
2005-11-29;0:00:00,4.79
2005-11-30;0:00:00,4.8
2005-12-01;0:00:00,4.83
2005-12-02;0:00:00,4.85
2005-12-05;0:00:00,4.87
2005-12-06;0:00:00,4.84
2005-12-07;0:00:00,4.83
2005-12-08;0:00:00,4.8
2005-12-09;0:00:00,4.84
2005-12-12;0:00:00,4.85
2005-12-13;0:00:00,4.86
2005-12-14;0:00:00,4.82
2005-12-15;0:00:00,4.82
2005-12-16;0:00:00,4.81
2005-12-19;0:00:00,4.82
2005-12-20;0:00:00,4.85
2005-12-21;0:00:00,4.87
2005-12-22;0:00:00,4.85
2005-12-23;0:00:00,4.84
2005-12-26;0:00:00,4.84
2005-12-27;0:00:00,4.84
2005-12-28;0:00:00,4.82
2005-12-29;0:00:00,4.84
2005-12-30;0:00:00,4.84
2006-01-02;0:00:00,4.84
2006-01-03;0:00:00,4.83
2006-01-04;0:00:00,4.79
2006-01-05;0:00:00,4.79
2006-01-06;0:00:00,4.81
2006-01-09;0:00:00,4.81
2006-01-10;0:00:00,4.83
2006-01-11;0:00:00,4.85
2006-01-12;0:00:00,4.85
2006-01-13;0:00:00,4.82
2006-01-16;0:00:00,4.82
2006-01-17;0:00:00,4.82
2006-01-18;0:00:00,4.8
2006-01-19;0:00:00,4.83
2006-01-20;0:00:00,4.84
2006-01-23;0:00:00,4.84
2006-01-24;0:00:00,4.84
2006-01-25;0:00:00,4.88
2006-01-26;0:00:00,4.92
2006-01-27;0:00:00,4.92
2006-01-30;0:00:00,4.94
2006-01-31;0:00:00,4.93
2006-02-01;0:00:00,4.98
2006-02-02;0:00:00,5.0
2006-02-03;0:00:00,5.02
2006-02-06;0:00:00,5.04
2006-02-07;0:00:00,5.05
2006-02-08;0:00:00,5.05
2006-02-09;0:00:00,5.06
2006-02-10;0:00:00,5.07
2006-02-13;0:00:00,5.09
2006-02-14;0:00:00,5.1
2006-02-15;0:00:00,5.09
2006-02-16;0:00:00,5.1
2006-02-17;0:00:00,5.09
2006-02-20;0:00:00,5.09
2006-02-21;0:00:00,5.11
2006-02-22;0:00:00,5.12
2006-02-23;0:00:00,5.14
2006-02-24;0:00:00,5.15
2006-02-27;0:00:00,5.15
2006-02-28;0:00:00,5.13
2006-03-01;0:00:00,5.12
2006-03-02;0:00:00,5.16
2006-03-03;0:00:00,5.18
2006-03-06;0:00:00,5.18
2006-03-07;0:00:00,5.2
2006-03-08;0:00:00,5.19
2006-03-09;0:00:00,5.19
2006-03-10;0:00:00,5.23
2006-03-13;0:00:00,5.23
2006-03-14;0:00:00,5.19
2006-03-15;0:00:00,5.17
2006-03-16;0:00:00,5.13
2006-03-17;0:00:00,5.14
2006-03-20;0:00:00,5.12
2006-03-21;0:00:00,5.18
2006-03-22;0:00:00,5.19
2006-03-23;0:00:00,5.21
2006-03-24;0:00:00,5.18
2006-03-27;0:00:00,5.17
2006-03-28;0:00:00,5.2
2006-03-29;0:00:00,5.24
2006-03-30;0:00:00,5.27
2006-03-31;0:00:00,5.28
2006-04-03;0:00:00,5.3
2006-04-04;0:00:00,5.29
2006-04-05;0:00:00,5.28
2006-04-06;0:00:00,5.29
2006-04-07;0:00:00,5.31
2006-04-10;0:00:00,5.34
2006-04-11;0:00:00,5.33
2006-04-12;0:00:00,5.34
2006-04-13;0:00:00,5.37
2006-04-14;0:00:00,5.37
2006-04-17;0:00:00,5.35
2006-04-18;0:00:00,5.31
2006-04-19;0:00:00,5.32
2006-04-20;0:00:00,5.32
2006-04-21;0:00:00,5.33
2006-04-24;0:00:00,5.33
2006-04-25;0:00:00,5.37
2006-04-26;0:00:00,5.4
2006-04-27;0:00:00,5.35
2006-04-28;0:00:00,5.33
2006-05-01;0:00:00,5.36
2006-05-02;0:00:00,5.37
2006-05-03;0:00:00,5.4
2006-05-04;0:00:00,5.41
2006-05-05;0:00:00,5.39
2006-05-08;0:00:00,5.4
2006-05-09;0:00:00,5.4
2006-05-10;0:00:00,5.38
2006-05-11;0:00:00,5.42
2006-05-12;0:00:00,5.4
2006-05-15;0:00:00,5.39
2006-05-16;0:00:00,5.37
2006-05-17;0:00:00,5.42
2006-05-18;0:00:00,5.39
2006-05-19;0:00:00,5.4
2006-05-22;0:00:00,5.4
2006-05-23;0:00:00,5.42
2006-05-24;0:00:00,5.41
2006-05-25;0:00:00,5.4
2006-05-26;0:00:00,5.41
2006-05-29;0:00:00,5.41
2006-05-30;0:00:00,5.42
2006-05-31;0:00:00,5.44
2006-06-01;0:00:00,5.48
2006-06-02;0:00:00,5.4
2006-06-05;0:00:00,5.4
2006-06-06;0:00:00,5.48
2006-06-07;0:00:00,5.49
2006-06-08;0:00:00,5.49
2006-06-09;0:00:00,5.5
2006-06-12;0:00:00,5.51
2006-06-13;0:00:00,5.5
2006-06-14;0:00:00,5.57
2006-06-15;0:00:00,5.64
2006-06-16;0:00:00,5.63
2006-06-19;0:00:00,5.67
2006-06-20;0:00:00,5.68
2006-06-21;0:00:00,5.68
2006-06-22;0:00:00,5.71
2006-06-23;0:00:00,5.74
2006-06-26;0:00:00,5.76
2006-06-27;0:00:00,5.74
2006-06-28;0:00:00,5.74
2006-06-29;0:00:00,5.75
2006-06-30;0:00:00,5.68
2006-07-03;0:00:00,5.68
2006-07-04;0:00:00,5.68
2006-07-05;0:00:00,5.75
2006-07-06;0:00:00,5.74
2006-07-07;0:00:00,5.72
2006-07-10;0:00:00,5.71
2006-07-11;0:00:00,5.69
2006-07-12;0:00:00,5.71
2006-07-13;0:00:00,5.68
2006-07-14;0:00:00,5.64
2006-07-17;0:00:00,5.66
2006-07-18;0:00:00,5.69
2006-07-19;0:00:00,5.68
2006-07-20;0:00:00,5.64
2006-07-21;0:00:00,5.58
2006-07-24;0:00:00,5.61
2006-07-25;0:00:00,5.63
2006-07-26;0:00:00,5.63
2006-07-27;0:00:00,5.59
2006-07-28;0:00:00,5.55
2006-07-31;0:00:00,5.54
2006-08-01;0:00:00,5.54
2006-08-02;0:00:00,5.54
2006-08-03;0:00:00,5.57
2006-08-04;0:00:00,5.51
2006-08-07;0:00:00,5.51
2006-08-08;0:00:00,5.52
2006-08-09;0:00:00,5.49
2006-08-10;0:00:00,5.5
2006-08-11;0:00:00,5.53
2006-08-14;0:00:00,5.55
2006-08-15;0:00:00,5.52
2006-08-16;0:00:00,5.48
2006-08-17;0:00:00,5.48
2006-08-18;0:00:00,5.48
2006-08-21;0:00:00,5.48
2006-08-22;0:00:00,5.47
2006-08-23;0:00:00,5.49
2006-08-24;0:00:00,5.46
2006-08-25;0:00:00,5.45
2006-08-28;0:00:00,5.46
2006-08-29;0:00:00,5.46
2006-08-30;0:00:00,5.42
2006-08-31;0:00:00,5.4
2006-09-01;0:00:00,5.38
2006-09-04;0:00:00,5.38
2006-09-05;0:00:00,5.39
2006-09-06;0:00:00,5.41
2006-09-07;0:00:00,5.4
2006-09-08;0:00:00,5.39
2006-09-11;0:00:00,5.42
2006-09-12;0:00:00,5.43
2006-09-13;0:00:00,5.41
2006-09-14;0:00:00,5.41
2006-09-15;0:00:00,5.42
2006-09-18;0:00:00,5.47
2006-09-19;0:00:00,5.42
2006-09-20;0:00:00,5.4
2006-09-21;0:00:00,5.4
2006-09-22;0:00:00,5.3
2006-09-25;0:00:00,5.29
2006-09-26;0:00:00,5.3
2006-09-27;0:00:00,5.3
2006-09-28;0:00:00,5.31
2006-09-29;0:00:00,5.32
2006-10-02;0:00:00,5.29
2006-10-03;0:00:00,5.29
2006-10-04;0:00:00,5.27
2006-10-05;0:00:00,5.27
2006-10-06;0:00:00,5.33
2006-10-09;0:00:00,5.33
2006-10-10;0:00:00,5.37
2006-10-11;0:00:00,5.36
2006-10-12;0:00:00,5.39
2006-10-13;0:00:00,5.41
2006-10-16;0:00:00,5.41
2006-10-17;0:00:00,5.37
2006-10-18;0:00:00,5.4
2006-10-19;0:00:00,5.41
2006-10-20;0:00:00,5.41
2006-10-23;0:00:00,5.44
2006-10-24;0:00:00,5.44
2006-10-25;0:00:00,5.43
2006-10-26;0:00:00,5.38
2006-10-27;0:00:00,5.36
2006-10-30;0:00:00,5.34
2006-10-31;0:00:00,5.32
2006-11-01;0:00:00,5.27
2006-11-02;0:00:00,5.28
2006-11-03;0:00:00,5.36
2006-11-06;0:00:00,5.39
2006-11-07;0:00:00,5.35
2006-11-08;0:00:00,5.35
2006-11-09;0:00:00,5.32
2006-11-10;0:00:00,5.3
2006-11-13;0:00:00,5.34
2006-11-14;0:00:00,5.31
2006-11-15;0:00:00,5.32
2006-11-16;0:00:00,5.33
2006-11-17;0:00:00,5.32
2006-11-20;0:00:00,5.31
2006-11-21;0:00:00,5.32
2006-11-22;0:00:00,5.29
2006-11-23;0:00:00,5.29
2006-11-24;0:00:00,5.27
2006-11-27;0:00:00,5.29
2006-11-28;0:00:00,5.24
2006-11-29;0:00:00,5.24
2006-11-30;0:00:00,5.22
2006-12-01;0:00:00,5.11
2006-12-04;0:00:00,5.12
2006-12-05;0:00:00,5.14
2006-12-06;0:00:00,5.15
2006-12-07;0:00:00,5.18
2006-12-08;0:00:00,5.23
2006-12-11;0:00:00,5.26
2006-12-12;0:00:00,5.25
2006-12-13;0:00:00,5.28
2006-12-14;0:00:00,5.3
2006-12-15;0:00:00,5.26
2006-12-18;0:00:00,5.3
2006-12-19;0:00:00,5.29
2006-12-20;0:00:00,5.3
2006-12-21;0:00:00,5.3
2006-12-22;0:00:00,5.3
2006-12-25;0:00:00,5.3
2006-12-26;0:00:00,5.29
2006-12-27;0:00:00,5.31
2006-12-28;0:00:00,5.34
2006-12-29;0:00:00,5.34
2007-01-01;0:00:00,5.34
2007-01-02;0:00:00,5.33
2007-01-03;0:00:00,5.31
2007-01-04;0:00:00,5.27
2007-01-05;0:00:00,5.32
2007-01-08;0:00:00,5.32
2007-01-09;0:00:00,5.33
2007-01-10;0:00:00,5.34
2007-01-11;0:00:00,5.36
2007-01-12;0:00:00,5.39
2007-01-15;0:00:00,5.39
2007-01-16;0:00:00,5.38
2007-01-17;0:00:00,5.39
2007-01-18;0:00:00,5.4
2007-01-19;0:00:00,5.4
2007-01-22;0:00:00,5.4
2007-01-23;0:00:00,5.41
2007-01-24;0:00:00,5.42
2007-01-25;0:00:00,5.43
2007-01-26;0:00:00,5.42
2007-01-29;0:00:00,5.44
2007-01-30;0:00:00,5.44
2007-01-31;0:00:00,5.43
2007-02-01;0:00:00,5.42
2007-02-02;0:00:00,5.41
2007-02-05;0:00:00,5.41
2007-02-06;0:00:00,5.41
2007-02-07;0:00:00,5.4
2007-02-08;0:00:00,5.4
2007-02-09;0:00:00,5.41
2007-02-12;0:00:00,5.42
2007-02-13;0:00:00,5.43
2007-02-14;0:00:00,5.4
2007-02-15;0:00:00,5.37
2007-02-16;0:00:00,5.36
2007-02-19;0:00:00,5.36
2007-02-20;0:00:00,5.36
2007-02-21;0:00:00,5.38
2007-02-22;0:00:00,5.39
2007-02-23;0:00:00,5.37
2007-02-26;0:00:00,5.35
2007-02-27;0:00:00,5.31
2007-02-28;0:00:00,5.27
2007-03-01;0:00:00,5.25
2007-03-02;0:00:00,5.22
2007-03-05;0:00:00,5.18
2007-03-06;0:00:00,5.17
2007-03-07;0:00:00,5.18
2007-03-08;0:00:00,5.19
2007-03-09;0:00:00,5.27
2007-03-12;0:00:00,5.25
2007-03-13;0:00:00,5.23
2007-03-14;0:00:00,5.19
2007-03-15;0:00:00,5.22
2007-03-16;0:00:00,5.25
2007-03-19;0:00:00,5.27
2007-03-20;0:00:00,5.25
2007-03-21;0:00:00,5.26
2007-03-22;0:00:00,5.21
2007-03-23;0:00:00,5.24
2007-03-26;0:00:00,5.22
2007-03-27;0:00:00,5.23
2007-03-28;0:00:00,5.2
2007-03-29;0:00:00,5.23
2007-03-30;0:00:00,5.25
2007-04-02;0:00:00,5.24
2007-04-03;0:00:00,5.26
2007-04-04;0:00:00,5.24
2007-04-05;0:00:00,5.25
2007-04-06;0:00:00,5.34
2007-04-09;0:00:00,5.35
2007-04-10;0:00:00,5.32
2007-04-11;0:00:00,5.31
2007-04-12;0:00:00,5.34
2007-04-13;0:00:00,5.36
2007-04-16;0:00:00,5.36
2007-04-17;0:00:00,5.31
2007-04-18;0:00:00,5.29
2007-04-19;0:00:00,5.28
2007-04-20;0:00:00,5.31
2007-04-23;0:00:00,5.29
2007-04-24;0:00:00,5.25
2007-04-25;0:00:00,5.27
2007-04-26;0:00:00,5.31
2007-04-27;0:00:00,5.31
2007-04-30;0:00:00,5.29
2007-05-01;0:00:00,5.32
2007-05-02;0:00:00,5.32
2007-05-03;0:00:00,5.33
2007-05-04;0:00:00,5.32
2007-05-07;0:00:00,5.32
2007-05-08;0:00:00,5.32
2007-05-09;0:00:00,5.32
2007-05-10;0:00:00,5.34
2007-05-11;0:00:00,5.32
2007-05-14;0:00:00,5.34
2007-05-15;0:00:00,5.34
2007-05-16;0:00:00,5.33
2007-05-17;0:00:00,5.36
2007-05-18;0:00:00,5.37
2007-05-21;0:00:00,5.39
2007-05-22;0:00:00,5.38
2007-05-23;0:00:00,5.4
2007-05-24;0:00:00,5.4
2007-05-25;0:00:00,5.39
2007-05-28;0:00:00,5.39
2007-05-29;0:00:00,5.4
2007-05-30;0:00:00,5.4
2007-05-31;0:00:00,5.44
2007-06-01;0:00:00,5.46
2007-06-04;0:00:00,5.46
2007-06-05;0:00:00,5.47
2007-06-06;0:00:00,5.45
2007-06-07;0:00:00,5.47
2007-06-08;0:00:00,5.48
2007-06-11;0:00:00,5.48
2007-06-12;0:00:00,5.49
2007-06-13;0:00:00,5.51
2007-06-14;0:00:00,5.5
2007-06-15;0:00:00,5.5
2007-06-18;0:00:00,5.49
2007-06-19;0:00:00,5.46
2007-06-20;0:00:00,5.47
2007-06-21;0:00:00,5.45
2007-06-22;0:00:00,5.45
2007-06-25;0:00:00,5.42
2007-06-26;0:00:00,5.41
2007-06-27;0:00:00,5.38
2007-06-28;0:00:00,5.43
2007-06-29;0:00:00,5.44
2007-07-02;0:00:00,5.41
2007-07-03;0:00:00,5.42
2007-07-04;0:00:00,5.42
2007-07-05;0:00:00,5.46
2007-07-06;0:00:00,5.47
2007-07-09;0:00:00,5.47
2007-07-10;0:00:00,5.44
2007-07-11;0:00:00,5.42
2007-07-12;0:00:00,5.45
2007-07-13;0:00:00,5.45
2007-07-16;0:00:00,5.45
2007-07-17;0:00:00,5.45
2007-07-18;0:00:00,5.41
2007-07-19;0:00:00,5.42
2007-07-20;0:00:00,5.39
2007-07-23;0:00:00,5.4
2007-07-24;0:00:00,5.39
2007-07-25;0:00:00,5.37
2007-07-26;0:00:00,5.32
2007-07-27;0:00:00,5.25
2007-07-30;0:00:00,5.22
2007-07-31;0:00:00,5.26
2007-08-01;0:00:00,5.21
2007-08-02;0:00:00,5.24
2007-08-03;0:00:00,5.17
2007-08-06;0:00:00,5.11
2007-08-07;0:00:00,5.19
2007-08-08;0:00:00,5.27
2007-08-09;0:00:00,5.2
2007-08-10;0:00:00,5.12
2007-08-13;0:00:00,5.19
2007-08-14;0:00:00,5.14
2007-08-15;0:00:00,5.11
2007-08-16;0:00:00,5.01
2007-08-17;0:00:00,4.93
2007-08-20;0:00:00,4.94
2007-08-21;0:00:00,4.9
2007-08-22;0:00:00,5.0
2007-08-23;0:00:00,5.06
2007-08-24;0:00:00,5.09
2007-08-27;0:00:00,5.07
2007-08-28;0:00:00,5.02
2007-08-29;0:00:00,5.01
2007-08-30;0:00:00,5.05
2007-08-31;0:00:00,5.06
2007-09-03;0:00:00,5.06
2007-09-04;0:00:00,5.11
2007-09-05;0:00:00,5.04
2007-09-06;0:00:00,5.05
2007-09-07;0:00:00,4.9
2007-09-10;0:00:00,4.87
2007-09-11;0:00:00,4.93
2007-09-12;0:00:00,5.0
2007-09-13;0:00:00,5.01
2007-09-14;0:00:00,4.99
2007-09-17;0:00:00,5.0
2007-09-18;0:00:00,5.02
2007-09-19;0:00:00,4.75
2007-09-20;0:00:00,4.77
2007-09-21;0:00:00,4.82
2007-09-24;0:00:00,4.86
2007-09-25;0:00:00,4.8
2007-09-26;0:00:00,4.83
2007-09-27;0:00:00,4.79
2007-09-28;0:00:00,4.77
2007-10-01;0:00:00,4.83
2007-10-02;0:00:00,4.86
2007-10-03;0:00:00,4.89
2007-10-04;0:00:00,4.9
2007-10-05;0:00:00,4.97
2007-10-08;0:00:00,4.97
2007-10-09;0:00:00,4.97
2007-10-10;0:00:00,4.99
2007-10-11;0:00:00,4.97
2007-10-12;0:00:00,4.94
2007-10-15;0:00:00,4.97
2007-10-16;0:00:00,4.9
2007-10-17;0:00:00,4.86
2007-10-18;0:00:00,4.78
2007-10-19;0:00:00,4.67
2007-10-22;0:00:00,4.66
2007-10-23;0:00:00,4.67
2007-10-24;0:00:00,4.59
2007-10-25;0:00:00,4.57
2007-10-26;0:00:00,4.57
2007-10-29;0:00:00,4.59
2007-10-30;0:00:00,4.59
2007-10-31;0:00:00,4.62
2007-11-01;0:00:00,4.59
2007-11-02;0:00:00,4.53
2007-11-05;0:00:00,4.57
2007-11-06;0:00:00,4.58
2007-11-07;0:00:00,4.57
2007-11-08;0:00:00,4.48
2007-11-09;0:00:00,4.42
2007-11-12;0:00:00,4.42
2007-11-13;0:00:00,4.43
2007-11-14;0:00:00,4.47
2007-11-15;0:00:00,4.42
2007-11-16;0:00:00,4.41
2007-11-19;0:00:00,4.42
2007-11-20;0:00:00,4.45
2007-11-21;0:00:00,4.31
2007-11-22;0:00:00,4.31
2007-11-23;0:00:00,4.31
2007-11-26;0:00:00,4.34
2007-11-27;0:00:00,4.31
2007-11-28;0:00:00,4.33
2007-11-29;0:00:00,4.27
2007-11-30;0:00:00,4.28
2007-12-03;0:00:00,4.28
2007-12-04;0:00:00,4.27
2007-12-05;0:00:00,4.27
2007-12-06;0:00:00,4.25
2007-12-07;0:00:00,4.37
2007-12-10;0:00:00,4.43
2007-12-11;0:00:00,4.35
2007-12-12;0:00:00,4.38
2007-12-13;0:00:00,4.35
2007-12-14;0:00:00,4.43
2007-12-17;0:00:00,4.42
2007-12-18;0:00:00,4.32
2007-12-19;0:00:00,4.33
2007-12-20;0:00:00,4.21
2007-12-21;0:00:00,4.22
2007-12-24;0:00:00,4.27
2007-12-25;0:00:00,4.27
2007-12-26;0:00:00,4.24
2007-12-27;0:00:00,4.24
2007-12-28;0:00:00,4.13
2007-12-31;0:00:00,4.08
2008-01-01;0:00:00,4.08
2008-01-02;0:00:00,4.0
2008-01-03;0:00:00,3.96
2008-01-04;0:00:00,3.86
2008-01-07;0:00:00,3.83
2008-01-08;0:00:00,3.84
2008-01-09;0:00:00,3.74
2008-01-10;0:00:00,3.74
2008-01-11;0:00:00,3.55
2008-01-14;0:00:00,3.41
2008-01-15;0:00:00,3.38
2008-01-16;0:00:00,3.35
2008-01-17;0:00:00,3.33
2008-01-18;0:00:00,3.25
2008-01-21;0:00:00,3.25
2008-01-22;0:00:00,2.92
2008-01-23;0:00:00,2.64
2008-01-24;0:00:00,2.84
2008-01-25;0:00:00,2.92
2008-01-28;0:00:00,2.86
2008-01-29;0:00:00,2.89
2008-01-30;0:00:00,2.92
2008-01-31;0:00:00,2.72
2008-02-01;0:00:00,2.69
2008-02-04;0:00:00,2.77
2008-02-05;0:00:00,2.69
2008-02-06;0:00:00,2.66
2008-02-07;0:00:00,2.63
2008-02-08;0:00:00,2.66
2008-02-11;0:00:00,2.61
2008-02-12;0:00:00,2.67
2008-02-13;0:00:00,2.6
2008-02-14;0:00:00,2.65
2008-02-15;0:00:00,2.63
2008-02-18;0:00:00,2.63
2008-02-19;0:00:00,2.69
2008-02-20;0:00:00,2.76
2008-02-21;0:00:00,2.75
2008-02-22;0:00:00,2.72
2008-02-25;0:00:00,2.83
2008-02-26;0:00:00,2.82
2008-02-27;0:00:00,2.72
2008-02-28;0:00:00,2.63
2008-02-29;0:00:00,2.56
2008-03-03;0:00:00,2.55
2008-03-04;0:00:00,2.52
2008-03-05;0:00:00,2.6
2008-03-06;0:00:00,2.56
2008-03-07;0:00:00,2.5
2008-03-10;0:00:00,2.47
2008-03-11;0:00:00,2.54
2008-03-12;0:00:00,2.51
2008-03-13;0:00:00,2.39
2008-03-14;0:00:00,2.31
2008-03-17;0:00:00,2.11
2008-03-18;0:00:00,2.16
2008-03-19;0:00:00,2.27
2008-03-20;0:00:00,2.33
2008-03-21;0:00:00,2.33
2008-03-24;0:00:00,2.46
2008-03-25;0:00:00,2.39
2008-03-26;0:00:00,2.38
2008-03-27;0:00:00,2.37
2008-03-28;0:00:00,2.39
2008-03-31;0:00:00,2.34
2008-04-01;0:00:00,2.42
2008-04-02;0:00:00,2.55
2008-04-03;0:00:00,2.52
2008-04-04;0:00:00,2.48
2008-04-07;0:00:00,2.5
2008-04-08;0:00:00,2.5
2008-04-09;0:00:00,2.49
2008-04-10;0:00:00,2.48
2008-04-11;0:00:00,2.48
2008-04-14;0:00:00,2.48
2008-04-15;0:00:00,2.56
2008-04-16;0:00:00,2.69
2008-04-17;0:00:00,2.84
2008-04-18;0:00:00,3.02
2008-04-21;0:00:00,2.91
2008-04-22;0:00:00,2.93
2008-04-23;0:00:00,2.93
2008-04-24;0:00:00,2.99
2008-04-25;0:00:00,3.06
2008-04-28;0:00:00,2.99
2008-04-29;0:00:00,2.93
2008-04-30;0:00:00,2.94
2008-05-01;0:00:00,2.82
2008-05-02;0:00:00,2.87
2008-05-05;0:00:00,2.87
2008-05-06;0:00:00,2.84
2008-05-07;0:00:00,2.86
2008-05-08;0:00:00,2.75
2008-05-09;0:00:00,2.75
2008-05-12;0:00:00,2.78
2008-05-13;0:00:00,2.89
2008-05-14;0:00:00,2.98
2008-05-15;0:00:00,2.95
2008-05-16;0:00:00,2.84
2008-05-19;0:00:00,2.87
2008-05-20;0:00:00,2.8
2008-05-21;0:00:00,2.79
2008-05-22;0:00:00,2.9
2008-05-23;0:00:00,2.88
2008-05-26;0:00:00,2.88
2008-05-27;0:00:00,2.92
2008-05-28;0:00:00,2.98
2008-05-29;0:00:00,3.09
2008-05-30;0:00:00,2.99
2008-06-02;0:00:00,2.95
2008-06-03;0:00:00,2.97
2008-06-04;0:00:00,2.92
2008-06-05;0:00:00,2.97
2008-06-06;0:00:00,2.96
2008-06-09;0:00:00,3.11
2008-06-10;0:00:00,3.32
2008-06-11;0:00:00,3.28
2008-06-12;0:00:00,3.38
2008-06-13;0:00:00,3.39
2008-06-16;0:00:00,3.47
2008-06-17;0:00:00,3.42
2008-06-18;0:00:00,3.33
2008-06-19;0:00:00,3.38
2008-06-20;0:00:00,3.3
2008-06-23;0:00:00,3.33
2008-06-24;0:00:00,3.33
2008-06-25;0:00:00,3.34
2008-06-26;0:00:00,3.19
2008-06-27;0:00:00,3.14
2008-06-30;0:00:00,3.13
2008-07-01;0:00:00,3.13
2008-07-02;0:00:00,3.15
2008-07-03;0:00:00,3.09
2008-07-04;0:00:00,3.09
2008-07-07;0:00:00,3.11
2008-07-08;0:00:00,3.04
2008-07-09;0:00:00,3.04
2008-07-10;0:00:00,3.03
2008-07-11;0:00:00,3.04
2008-07-14;0:00:00,3.04
2008-07-15;0:00:00,2.95
2008-07-16;0:00:00,2.99
2008-07-17;0:00:00,3.06
2008-07-18;0:00:00,3.11
2008-07-21;0:00:00,3.21
2008-07-22;0:00:00,3.18
2008-07-23;0:00:00,3.26
2008-07-24;0:00:00,3.14
2008-07-25;0:00:00,3.13
2008-07-28;0:00:00,3.08
2008-07-29;0:00:00,3.11
2008-07-30;0:00:00,3.07
2008-07-31;0:00:00,3.02
2008-08-01;0:00:00,3.05
2008-08-04;0:00:00,3.05
2008-08-05;0:00:00,3.11
2008-08-06;0:00:00,3.09
2008-08-07;0:00:00,3.05
2008-08-08;0:00:00,3.04
2008-08-11;0:00:00,3.06
2008-08-12;0:00:00,3.07
2008-08-13;0:00:00,3.0
2008-08-14;0:00:00,3.05
2008-08-15;0:00:00,3.05
2008-08-18;0:00:00,3.05
2008-08-19;0:00:00,3.02
2008-08-20;0:00:00,3.0
2008-08-21;0:00:00,2.98
2008-08-22;0:00:00,3.03
2008-08-25;0:00:00,3.01
2008-08-26;0:00:00,3.0
2008-08-27;0:00:00,3.03
2008-08-28;0:00:00,3.0
2008-08-29;0:00:00,3.01
2008-09-01;0:00:00,3.01
2008-09-02;0:00:00,2.99
2008-09-03;0:00:00,2.96
2008-09-04;0:00:00,2.94
2008-09-05;0:00:00,2.9
2008-09-08;0:00:00,2.96
2008-09-09;0:00:00,2.89
2008-09-10;0:00:00,2.89
2008-09-11;0:00:00,2.87
2008-09-12;0:00:00,2.88
2008-09-15;0:00:00,2.62
2008-09-16;0:00:00,2.62
2008-09-17;0:00:00,2.94
2008-09-18;0:00:00,2.99
2008-09-19;0:00:00,3.12
2008-09-22;0:00:00,3.18
2008-09-23;0:00:00,3.21
2008-09-24;0:00:00,3.38
2008-09-25;0:00:00,3.47
2008-09-26;0:00:00,3.35
2008-09-29;0:00:00,3.13
2008-09-30;0:00:00,3.33
2008-10-01;0:00:00,3.26
2008-10-02;0:00:00,3.22
2008-10-03;0:00:00,3.23
2008-10-06;0:00:00,2.91
2008-10-07;0:00:00,2.91
2008-10-08;0:00:00,2.96
2008-10-09;0:00:00,3.09
2008-10-10;0:00:00,3.06
2008-10-13;0:00:00,3.06
2008-10-14;0:00:00,2.96
2008-10-15;0:00:00,3.03
2008-10-16;0:00:00,2.93
2008-10-17;0:00:00,2.88
2008-10-20;0:00:00,2.71
2008-10-21;0:00:00,2.65
2008-10-22;0:00:00,2.63
2008-10-23;0:00:00,2.74
2008-10-24;0:00:00,2.72
2008-10-27;0:00:00,2.68
2008-10-28;0:00:00,2.69
2008-10-29;0:00:00,2.57
2008-10-30;0:00:00,2.52
2008-10-31;0:00:00,2.45
2008-11-03;0:00:00,2.47
2008-11-04;0:00:00,2.34
2008-11-05;0:00:00,2.19
2008-11-06;0:00:00,2.16
2008-11-07;0:00:00,2.12
2008-11-10;0:00:00,2.01
2008-11-11;0:00:00,2.01
2008-11-12;0:00:00,1.99
2008-11-13;0:00:00,2.15
2008-11-14;0:00:00,2.19
2008-11-17;0:00:00,2.12
2008-11-18;0:00:00,2.09
2008-11-19;0:00:00,2.04
2008-11-20;0:00:00,1.93
2008-11-21;0:00:00,2.0
2008-11-24;0:00:00,2.13
2008-11-25;0:00:00,1.98
2008-11-26;0:00:00,2.04
2008-11-27;0:00:00,2.04
2008-11-28;0:00:00,2.1
2008-12-01;0:00:00,2.02
2008-12-02;0:00:00,1.96
2008-12-03;0:00:00,1.93
2008-12-04;0:00:00,2.0
2008-12-05;0:00:00,1.97
2008-12-08;0:00:00,2.04
2008-12-09;0:00:00,1.9
2008-12-10;0:00:00,1.8
2008-12-11;0:00:00,1.7
2008-12-12;0:00:00,1.72
2008-12-15;0:00:00,1.7
2008-12-16;0:00:00,1.65
2008-12-17;0:00:00,1.35
2008-12-18;0:00:00,1.34
2008-12-19;0:00:00,1.37
2008-12-22;0:00:00,1.35
2008-12-23;0:00:00,1.38
2008-12-24;0:00:00,1.34
2008-12-25;0:00:00,1.34
2008-12-26;0:00:00,1.34
2008-12-29;0:00:00,1.27
2008-12-30;0:00:00,1.23
2008-12-31;0:00:00,1.27
2009-01-01;0:00:00,1.27
2009-01-02;0:00:00,1.26
2009-01-05;0:00:00,1.31
2009-01-06;0:00:00,1.29
2009-01-07;0:00:00,1.2
2009-01-08;0:00:00,1.15
2009-01-09;0:00:00,1.03
2009-01-12;0:00:00,1.0
2009-01-13;0:00:00,1.0
2009-01-14;0:00:00,1.02
2009-01-15;0:00:00,1.08
2009-01-16;0:00:00,1.06
2009-01-19;0:00:00,1.06
2009-01-20;0:00:00,1.07
2009-01-21;0:00:00,1.11
2009-01-22;0:00:00,1.16
2009-01-23;0:00:00,1.22
2009-01-26;0:00:00,1.24
2009-01-27;0:00:00,1.21
2009-01-28;0:00:00,1.15
2009-01-29;0:00:00,1.16
2009-01-30;0:00:00,1.25
2009-02-02;0:00:00,1.36
2009-02-03;0:00:00,1.32
2009-02-04;0:00:00,1.35
2009-02-05;0:00:00,1.32
2009-02-06;0:00:00,1.32
2009-02-09;0:00:00,1.31
2009-02-10;0:00:00,1.29
2009-02-11;0:00:00,1.28
2009-02-12;0:00:00,1.29
2009-02-13;0:00:00,1.33
2009-02-16;0:00:00,1.33
2009-02-17;0:00:00,1.36
2009-02-18;0:00:00,1.36
2009-02-19;0:00:00,1.36
2009-02-20;0:00:00,1.3
2009-02-23;0:00:00,1.31
2009-02-24;0:00:00,1.32
2009-02-25;0:00:00,1.36
2009-02-26;0:00:00,1.4
2009-02-27;0:00:00,1.4
2009-03-02;0:00:00,1.36
2009-03-03;0:00:00,1.33
2009-03-04;0:00:00,1.38
2009-03-05;0:00:00,1.4
2009-03-06;0:00:00,1.44
2009-03-09;0:00:00,1.54
2009-03-10;0:00:00,1.54
2009-03-11;0:00:00,1.5
2009-03-12;0:00:00,1.46
2009-03-13;0:00:00,1.45
2009-03-16;0:00:00,1.45
2009-03-17;0:00:00,1.41
2009-03-18;0:00:00,1.41
2009-03-19;0:00:00,1.23
2009-03-20;0:00:00,1.27
2009-03-23;0:00:00,1.28
2009-03-24;0:00:00,1.3
2009-03-25;0:00:00,1.32
2009-03-26;0:00:00,1.3
2009-03-27;0:00:00,1.24
2009-03-30;0:00:00,1.22
2009-03-31;0:00:00,1.19
2009-04-01;0:00:00,1.18
2009-04-02;0:00:00,1.21
2009-04-03;0:00:00,1.24
2009-04-06;0:00:00,1.24
2009-04-07;0:00:00,1.23
2009-04-08;0:00:00,1.2
2009-04-09;0:00:00,1.22
2009-04-10;0:00:00,1.22
2009-04-13;0:00:00,1.2
2009-04-14;0:00:00,1.17
2009-04-15;0:00:00,1.15
2009-04-16;0:00:00,1.15
2009-04-17;0:00:00,1.22
2009-04-20;0:00:00,1.21
2009-04-21;0:00:00,1.24
2009-04-22;0:00:00,1.26
2009-04-23;0:00:00,1.23
2009-04-24;0:00:00,1.19
2009-04-27;0:00:00,1.14
2009-04-28;0:00:00,1.15
2009-04-29;0:00:00,1.13
2009-04-30;0:00:00,1.12
2009-05-01;0:00:00,1.11
2009-05-04;0:00:00,1.13
2009-05-05;0:00:00,1.08
2009-05-06;0:00:00,1.06
2009-05-07;0:00:00,1.04
2009-05-08;0:00:00,1.0
2009-05-11;0:00:00,0.98
2009-05-12;0:00:00,0.98
2009-05-13;0:00:00,0.94
2009-05-14;0:00:00,0.92
2009-05-15;0:00:00,0.9
2009-05-18;0:00:00,0.85
2009-05-19;0:00:00,0.83
2009-05-20;0:00:00,0.78
2009-05-21;0:00:00,0.79
2009-05-22;0:00:00,0.84
2009-05-25;0:00:00,0.84
2009-05-26;0:00:00,0.85
2009-05-27;0:00:00,0.9
2009-05-28;0:00:00,0.89
2009-05-29;0:00:00,0.86
2009-06-01;0:00:00,0.89
2009-06-02;0:00:00,0.87
2009-06-03;0:00:00,0.84
2009-06-04;0:00:00,0.86
2009-06-05;0:00:00,1.07
2009-06-08;0:00:00,1.14
2009-06-09;0:00:00,1.05
2009-06-10;0:00:00,1.04
2009-06-11;0:00:00,1.04
2009-06-12;0:00:00,1.0
2009-06-15;0:00:00,0.96
2009-06-16;0:00:00,0.97
2009-06-17;0:00:00,0.95
2009-06-18;0:00:00,0.99
2009-06-19;0:00:00,1.01
2009-06-22;0:00:00,0.95
2009-06-23;0:00:00,0.92
2009-06-24;0:00:00,0.93
2009-06-25;0:00:00,0.87
2009-06-26;0:00:00,0.85
2009-06-29;0:00:00,0.88
2009-06-30;0:00:00,0.89
2009-07-01;0:00:00,0.85
2009-07-02;0:00:00,0.8
2009-07-03;0:00:00,0.8
2009-07-06;0:00:00,0.77
2009-07-07;0:00:00,0.77
2009-07-08;0:00:00,0.76
2009-07-09;0:00:00,0.74
2009-07-10;0:00:00,0.72
2009-07-13;0:00:00,0.76
2009-07-14;0:00:00,0.79
2009-07-15;0:00:00,0.82
2009-07-16;0:00:00,0.78
2009-07-17;0:00:00,0.79
2009-07-20;0:00:00,0.81
2009-07-21;0:00:00,0.74
2009-07-22;0:00:00,0.75
2009-07-23;0:00:00,0.79
2009-07-24;0:00:00,0.79
2009-07-27;0:00:00,0.8
2009-07-28;0:00:00,0.78
2009-07-29;0:00:00,0.79
2009-07-30;0:00:00,0.83
2009-07-31;0:00:00,0.8
2009-08-03;0:00:00,0.84
2009-08-04;0:00:00,0.82
2009-08-05;0:00:00,0.84
2009-08-06;0:00:00,0.86
2009-08-07;0:00:00,0.96
2009-08-10;0:00:00,0.89
2009-08-11;0:00:00,0.83
2009-08-12;0:00:00,0.82
2009-08-13;0:00:00,0.76
2009-08-14;0:00:00,0.72
2009-08-17;0:00:00,0.73
2009-08-18;0:00:00,0.74
2009-08-19;0:00:00,0.72
2009-08-20;0:00:00,0.72
2009-08-21;0:00:00,0.75
2009-08-24;0:00:00,0.72
2009-08-25;0:00:00,0.7
2009-08-26;0:00:00,0.69
2009-08-27;0:00:00,0.68
2009-08-28;0:00:00,0.66
2009-08-31;0:00:00,0.64
2009-09-01;0:00:00,0.62
2009-09-02;0:00:00,0.61
2009-09-03;0:00:00,0.61
2009-09-04;0:00:00,0.61
2009-09-07;0:00:00,0.61
2009-09-08;0:00:00,0.59
2009-09-09;0:00:00,0.59
2009-09-10;0:00:00,0.57
2009-09-11;0:00:00,0.57
2009-09-14;0:00:00,0.59
2009-09-15;0:00:00,0.62
2009-09-16;0:00:00,0.64
2009-09-17;0:00:00,0.65
2009-09-18;0:00:00,0.63
2009-09-21;0:00:00,0.63
2009-09-22;0:00:00,0.61
2009-09-23;0:00:00,0.62
2009-09-24;0:00:00,0.58
2009-09-25;0:00:00,0.62
2009-09-28;0:00:00,0.62
2009-09-29;0:00:00,0.64
2009-09-30;0:00:00,0.63
2009-10-01;0:00:00,0.59
2009-10-02;0:00:00,0.59
2009-10-05;0:00:00,0.58
2009-10-06;0:00:00,0.59
2009-10-07;0:00:00,0.59
2009-10-08;0:00:00,0.6
2009-10-09;0:00:00,0.65
2009-10-12;0:00:00,0.65
2009-10-13;0:00:00,0.61
2009-10-14;0:00:00,0.62
2009-10-15;0:00:00,0.63
2009-10-16;0:00:00,0.64
2009-10-19;0:00:00,0.64
2009-10-20;0:00:00,0.62
2009-10-21;0:00:00,0.64
2009-10-22;0:00:00,0.62
2009-10-23;0:00:00,0.65
2009-10-26;0:00:00,0.67
2009-10-27;0:00:00,0.64
2009-10-28;0:00:00,0.59
2009-10-29;0:00:00,0.62
2009-10-30;0:00:00,0.6
2009-11-02;0:00:00,0.59
2009-11-03;0:00:00,0.59
2009-11-04;0:00:00,0.62
2009-11-05;0:00:00,0.56
2009-11-06;0:00:00,0.53
2009-11-09;0:00:00,0.52
2009-11-10;0:00:00,0.52
2009-11-11;0:00:00,0.52
2009-11-12;0:00:00,0.5
2009-11-13;0:00:00,0.5
2009-11-16;0:00:00,0.49
2009-11-17;0:00:00,0.48
2009-11-18;0:00:00,0.45
2009-11-19;0:00:00,0.43
2009-11-20;0:00:00,0.44
2009-11-23;0:00:00,0.45
2009-11-24;0:00:00,0.45
2009-11-25;0:00:00,0.45
2009-11-26;0:00:00,0.45
2009-11-27;0:00:00,0.48
2009-11-30;0:00:00,0.47
2009-12-01;0:00:00,0.45
2009-12-02;0:00:00,0.49
2009-12-03;0:00:00,0.51
2009-12-04;0:00:00,0.59
2009-12-07;0:00:00,0.56
2009-12-08;0:00:00,0.54
2009-12-09;0:00:00,0.52
2009-12-10;0:00:00,0.54
2009-12-11;0:00:00,0.57
2009-12-14;0:00:00,0.56
2009-12-15;0:00:00,0.59
2009-12-16;0:00:00,0.57
2009-12-17;0:00:00,0.54
2009-12-18;0:00:00,0.53
2009-12-21;0:00:00,0.55
2009-12-22;0:00:00,0.56
2009-12-23;0:00:00,0.58
2009-12-24;0:00:00,0.62
2009-12-25;0:00:00,0.62
2009-12-28;0:00:00,0.64
2009-12-29;0:00:00,0.66
2009-12-30;0:00:00,0.66
2009-12-31;0:00:00,0.69
2010-01-01;0:00:00,0.69
2010-01-04;0:00:00,0.65
2010-01-05;0:00:00,0.61
2010-01-06;0:00:00,0.6
2010-01-07;0:00:00,0.57
2010-01-08;0:00:00,0.55
2010-01-11;0:00:00,0.53
2010-01-12;0:00:00,0.51
2010-01-13;0:00:00,0.53
2010-01-14;0:00:00,0.52
2010-01-15;0:00:00,0.5
2010-01-18;0:00:00,0.5
2010-01-19;0:00:00,0.51
2010-01-20;0:00:00,0.5
2010-01-21;0:00:00,0.51
2010-01-22;0:00:00,0.5
2010-01-25;0:00:00,0.49
2010-01-26;0:00:00,0.48
2010-01-27;0:00:00,0.48
2010-01-28;0:00:00,0.5
2010-01-29;0:00:00,0.51
2010-02-01;0:00:00,0.51
2010-02-02;0:00:00,0.5
2010-02-03;0:00:00,0.52
2010-02-04;0:00:00,0.5
2010-02-05;0:00:00,0.49
2010-02-08;0:00:00,0.51
2010-02-09;0:00:00,0.51
2010-02-10;0:00:00,0.54
2010-02-11;0:00:00,0.55
2010-02-12;0:00:00,0.52
2010-02-15;0:00:00,0.52
2010-02-16;0:00:00,0.52
2010-02-17;0:00:00,0.51
2010-02-18;0:00:00,0.51
2010-02-19;0:00:00,0.55
2010-02-22;0:00:00,0.53
2010-02-23;0:00:00,0.5
2010-02-24;0:00:00,0.49
2010-02-25;0:00:00,0.47
2010-02-26;0:00:00,0.47
2010-03-01;0:00:00,0.47
2010-03-02;0:00:00,0.46
2010-03-03;0:00:00,0.46
2010-03-04;0:00:00,0.48
2010-03-05;0:00:00,0.52
2010-03-08;0:00:00,0.52
2010-03-09;0:00:00,0.49
2010-03-10;0:00:00,0.51
2010-03-11;0:00:00,0.53
2010-03-12;0:00:00,0.54
2010-03-15;0:00:00,0.54
2010-03-16;0:00:00,0.53
2010-03-17;0:00:00,0.5
2010-03-18;0:00:00,0.53
2010-03-19;0:00:00,0.56
2010-03-22;0:00:00,0.56
2010-03-23;0:00:00,0.54
2010-03-24;0:00:00,0.57
2010-03-25;0:00:00,0.58
2010-03-26;0:00:00,0.57
2010-03-29;0:00:00,0.57
2010-03-30;0:00:00,0.58
2010-03-31;0:00:00,0.58
2010-04-01;0:00:00,0.57
2010-04-02;0:00:00,0.59
2010-04-05;0:00:00,0.61
2010-04-06;0:00:00,0.6
2010-04-07;0:00:00,0.58
2010-04-08;0:00:00,0.55
2010-04-09;0:00:00,0.58
2010-04-12;0:00:00,0.57
2010-04-13;0:00:00,0.58
2010-04-14;0:00:00,0.57
2010-04-15;0:00:00,0.56
2010-04-16;0:00:00,0.53
2010-04-19;0:00:00,0.53
2010-04-20;0:00:00,0.56
2010-04-21;0:00:00,0.59
2010-04-22;0:00:00,0.58
2010-04-23;0:00:00,0.62
2010-04-26;0:00:00,0.62
2010-04-27;0:00:00,0.63
2010-04-28;0:00:00,0.65
2010-04-29;0:00:00,0.64
2010-04-30;0:00:00,0.64
2010-05-03;0:00:00,0.68
2010-05-04;0:00:00,0.71
2010-05-05;0:00:00,0.71
2010-05-06;0:00:00,0.72
2010-05-07;0:00:00,0.81
2010-05-10;0:00:00,0.68
2010-05-11;0:00:00,0.7
2010-05-12;0:00:00,0.68
2010-05-13;0:00:00,0.69
2010-05-14;0:00:00,0.74
2010-05-17;0:00:00,0.72
2010-05-18;0:00:00,0.73
2010-05-19;0:00:00,0.76
2010-05-20;0:00:00,0.8
2010-05-21;0:00:00,0.86
2010-05-24;0:00:00,0.91
2010-05-25;0:00:00,0.96
2010-05-26;0:00:00,0.92
2010-05-27;0:00:00,0.9
2010-05-28;0:00:00,0.84
2010-05-31;0:00:00,0.84
2010-06-01;0:00:00,0.85
2010-06-02;0:00:00,0.86
2010-06-03;0:00:00,0.84
2010-06-04;0:00:00,0.81
2010-06-07;0:00:00,0.84
2010-06-08;0:00:00,0.8
2010-06-09;0:00:00,0.77
2010-06-10;0:00:00,0.75
2010-06-11;0:00:00,0.77
2010-06-14;0:00:00,0.77
2010-06-15;0:00:00,0.78
2010-06-16;0:00:00,0.77
2010-06-17;0:00:00,0.74
2010-06-18;0:00:00,0.75
2010-06-21;0:00:00,0.73
2010-06-22;0:00:00,0.74
2010-06-23;0:00:00,0.78
2010-06-24;0:00:00,0.78
2010-06-25;0:00:00,0.76
2010-06-28;0:00:00,0.73
2010-06-29;0:00:00,0.73
2010-06-30;0:00:00,0.72
2010-07-01;0:00:00,0.72
2010-07-02;0:00:00,0.71
2010-07-05;0:00:00,0.71
2010-07-06;0:00:00,0.7
2010-07-07;0:00:00,0.67
2010-07-08;0:00:00,0.66
2010-07-09;0:00:00,0.66
2010-07-12;0:00:00,0.65
2010-07-13;0:00:00,0.64
2010-07-14;0:00:00,0.63
2010-07-15;0:00:00,0.62
2010-07-16;0:00:00,0.58
2010-07-19;0:00:00,0.58
2010-07-20;0:00:00,0.56
2010-07-21;0:00:00,0.56
2010-07-22;0:00:00,0.54
2010-07-23;0:00:00,0.55
2010-07-26;0:00:00,0.56
2010-07-27;0:00:00,0.55
2010-07-28;0:00:00,0.53
2010-07-29;0:00:00,0.51
2010-07-30;0:00:00,0.5
2010-08-02;0:00:00,0.48
2010-08-03;0:00:00,0.46
2010-08-04;0:00:00,0.5
2010-08-05;0:00:00,0.48
2010-08-06;0:00:00,0.47
2010-08-09;0:00:00,0.48
2010-08-10;0:00:00,0.48
2010-08-11;0:00:00,0.44
2010-08-12;0:00:00,0.49
2010-08-13;0:00:00,0.49
2010-08-16;0:00:00,0.47
2010-08-17;0:00:00,0.45
2010-08-18;0:00:00,0.44
2010-08-19;0:00:00,0.43
2010-08-20;0:00:00,0.43
2010-08-23;0:00:00,0.41
2010-08-24;0:00:00,0.41
2010-08-25;0:00:00,0.47
2010-08-26;0:00:00,0.45
2010-08-27;0:00:00,0.45
2010-08-30;0:00:00,0.42
2010-08-31;0:00:00,0.43
2010-09-01;0:00:00,0.45
2010-09-02;0:00:00,0.44
2010-09-03;0:00:00,0.44
2010-09-06;0:00:00,0.44
2010-09-07;0:00:00,0.44
2010-09-08;0:00:00,0.48
2010-09-09;0:00:00,0.47
2010-09-10;0:00:00,0.49
2010-09-13;0:00:00,0.47
2010-09-14;0:00:00,0.44
2010-09-15;0:00:00,0.43
2010-09-16;0:00:00,0.43
2010-09-17;0:00:00,0.44
2010-09-20;0:00:00,0.44
2010-09-21;0:00:00,0.43
2010-09-22;0:00:00,0.4
2010-09-23;0:00:00,0.41
2010-09-24;0:00:00,0.42
2010-09-27;0:00:00,0.41
2010-09-28;0:00:00,0.41
2010-09-29;0:00:00,0.4
2010-09-30;0:00:00,0.4
2010-10-01;0:00:00,0.41
2010-10-04;0:00:00,0.41
2010-10-05;0:00:00,0.4
2010-10-06;0:00:00,0.37
2010-10-07;0:00:00,0.37
2010-10-08;0:00:00,0.36
2010-10-11;0:00:00,0.36
2010-10-12;0:00:00,0.36
2010-10-13;0:00:00,0.36
2010-10-14;0:00:00,0.38
2010-10-15;0:00:00,0.38
2010-10-18;0:00:00,0.4
2010-10-19;0:00:00,0.39
2010-10-20;0:00:00,0.4
2010-10-21;0:00:00,0.38
2010-10-22;0:00:00,0.38
2010-10-25;0:00:00,0.37
2010-10-26;0:00:00,0.39
2010-10-27;0:00:00,0.39
2010-10-28;0:00:00,0.38
2010-10-29;0:00:00,0.37
2010-11-01;0:00:00,0.38
2010-11-02;0:00:00,0.39
2010-11-03;0:00:00,0.37
2010-11-04;0:00:00,0.36
2010-11-05;0:00:00,0.38
2010-11-08;0:00:00,0.43
2010-11-09;0:00:00,0.44
2010-11-10;0:00:00,0.47
2010-11-11;0:00:00,0.47
2010-11-12;0:00:00,0.47
2010-11-15;0:00:00,0.46
2010-11-16;0:00:00,0.45
2010-11-17;0:00:00,0.43
2010-11-18;0:00:00,0.44
2010-11-19;0:00:00,0.43
2010-11-22;0:00:00,0.44
2010-11-23;0:00:00,0.44
2010-11-24;0:00:00,0.5
2010-11-25;0:00:00,0.5
2010-11-26;0:00:00,0.54
2010-11-29;0:00:00,0.54
2010-11-30;0:00:00,0.55
2010-12-01;0:00:00,0.55
2010-12-02;0:00:00,0.53
2010-12-03;0:00:00,0.48
2010-12-06;0:00:00,0.46
2010-12-07;0:00:00,0.46
2010-12-08;0:00:00,0.53
2010-12-09;0:00:00,0.51
2010-12-10;0:00:00,0.51
2010-12-13;0:00:00,0.52
2010-12-14;0:00:00,0.5
2010-12-15;0:00:00,0.51
2010-12-16;0:00:00,0.55
2010-12-17;0:00:00,0.51
2010-12-20;0:00:00,0.48
2010-12-21;0:00:00,0.48
2010-12-22;0:00:00,0.49
2010-12-23;0:00:00,0.5
2010-12-24;0:00:00,0.5
2010-12-27;0:00:00,0.52
2010-12-28;0:00:00,0.5
2010-12-29;0:00:00,0.5
2010-12-30;0:00:00,0.47
2010-12-31;0:00:00,0.45
2011-01-03;0:00:00,0.44
2011-01-04;0:00:00,0.44
2011-01-05;0:00:00,0.5
2011-01-06;0:00:00,0.49
2011-01-07;0:00:00,0.48
2011-01-10;0:00:00,0.49
2011-01-11;0:00:00,0.48
2011-01-12;0:00:00,0.47
2011-01-13;0:00:00,0.46
2011-01-14;0:00:00,0.45
2011-01-17;0:00:00,0.45
2011-01-18;0:00:00,0.46
2011-01-19;0:00:00,0.45
2011-01-20;0:00:00,0.45
2011-01-21;0:00:00,0.46
2011-01-24;0:00:00,0.45
2011-01-25;0:00:00,0.45
2011-01-26;0:00:00,0.45
2011-01-27;0:00:00,0.43
2011-01-28;0:00:00,0.44
2011-01-31;0:00:00,0.43
2011-02-01;0:00:00,0.45
2011-02-02;0:00:00,0.47
2011-02-03;0:00:00,0.48
2011-02-04;0:00:00,0.48
2011-02-07;0:00:00,0.49
2011-02-08;0:00:00,0.49
2011-02-09;0:00:00,0.49
2011-02-10;0:00:00,0.5
2011-02-11;0:00:00,0.49
2011-02-14;0:00:00,0.5
2011-02-15;0:00:00,0.5
2011-02-16;0:00:00,0.51
2011-02-17;0:00:00,0.47
2011-02-18;0:00:00,0.47
2011-02-21;0:00:00,0.47
2011-02-22;0:00:00,0.46
2011-02-23;0:00:00,0.45
2011-02-24;0:00:00,0.44
2011-02-25;0:00:00,0.44
2011-02-28;0:00:00,0.43
2011-03-01;0:00:00,0.42
2011-03-02;0:00:00,0.43
2011-03-03;0:00:00,0.45
2011-03-04;0:00:00,0.44
2011-03-07;0:00:00,0.43
2011-03-08;0:00:00,0.44
2011-03-09;0:00:00,0.43
2011-03-10;0:00:00,0.43
2011-03-11;0:00:00,0.42
2011-03-14;0:00:00,0.4
2011-03-15;0:00:00,0.41
2011-03-16;0:00:00,0.43
2011-03-17;0:00:00,0.42
2011-03-18;0:00:00,0.42
2011-03-21;0:00:00,0.43
2011-03-22;0:00:00,0.44
2011-03-23;0:00:00,0.44
2011-03-24;0:00:00,0.45
2011-03-25;0:00:00,0.46
2011-03-28;0:00:00,0.49
2011-03-29;0:00:00,0.48
2011-03-30;0:00:00,0.48
2011-03-31;0:00:00,0.46
2011-04-01;0:00:00,0.47
2011-04-04;0:00:00,0.43
2011-04-05;0:00:00,0.44
2011-04-06;0:00:00,0.45
2011-04-07;0:00:00,0.44
2011-04-08;0:00:00,0.43
2011-04-11;0:00:00,0.44
2011-04-12;0:00:00,0.41
2011-04-13;0:00:00,0.41
2011-04-14;0:00:00,0.41
2011-04-15;0:00:00,0.4
2011-04-18;0:00:00,0.39
2011-04-19;0:00:00,0.39
2011-04-20;0:00:00,0.4
2011-04-21;0:00:00,0.39
2011-04-22;0:00:00,0.39
2011-04-25;0:00:00,0.4
2011-04-26;0:00:00,0.4
2011-04-27;0:00:00,0.4
2011-04-28;0:00:00,0.38
2011-04-29;0:00:00,0.38
2011-05-02;0:00:00,0.38
2011-05-03;0:00:00,0.38
2011-05-04;0:00:00,0.37
2011-05-05;0:00:00,0.36
2011-05-06;0:00:00,0.37
2011-05-09;0:00:00,0.36
2011-05-10;0:00:00,0.36
2011-05-11;0:00:00,0.36
2011-05-12;0:00:00,0.35
2011-05-13;0:00:00,0.36
2011-05-16;0:00:00,0.36
2011-05-17;0:00:00,0.36
2011-05-18;0:00:00,0.37
2011-05-19;0:00:00,0.37
2011-05-20;0:00:00,0.36
2011-05-23;0:00:00,0.37
2011-05-24;0:00:00,0.38
2011-05-25;0:00:00,0.37
2011-05-26;0:00:00,0.37
2011-05-27;0:00:00,0.36
2011-05-30;0:00:00,0.36
2011-05-31;0:00:00,0.36
2011-06-01;0:00:00,0.36
2011-06-02;0:00:00,0.36
2011-06-03;0:00:00,0.36
2011-06-06;0:00:00,0.36
2011-06-07;0:00:00,0.36
2011-06-08;0:00:00,0.35
2011-06-09;0:00:00,0.36
2011-06-10;0:00:00,0.36
2011-06-13;0:00:00,0.37
2011-06-14;0:00:00,0.37
2011-06-15;0:00:00,0.39
2011-06-16;0:00:00,0.43
2011-06-17;0:00:00,0.41
2011-06-20;0:00:00,0.4
2011-06-21;0:00:00,0.41
2011-06-22;0:00:00,0.39
2011-06-23;0:00:00,0.42
2011-06-24;0:00:00,0.43
2011-06-27;0:00:00,0.45
2011-06-28;0:00:00,0.43
2011-06-29;0:00:00,0.41
2011-06-30;0:00:00,0.4
2011-07-01;0:00:00,0.39
2011-07-04;0:00:00,0.39
2011-07-05;0:00:00,0.4
2011-07-06;0:00:00,0.41
2011-07-07;0:00:00,0.41
2011-07-08;0:00:00,0.4
2011-07-11;0:00:00,0.44
2011-07-12;0:00:00,0.44
2011-07-13;0:00:00,0.43
2011-07-14;0:00:00,0.43
2011-07-15;0:00:00,0.45
2011-07-18;0:00:00,0.48
2011-07-19;0:00:00,0.46
2011-07-20;0:00:00,0.45
2011-07-21;0:00:00,0.42
2011-07-22;0:00:00,0.42
2011-07-25;0:00:00,0.43
2011-07-26;0:00:00,0.43
2011-07-27;0:00:00,0.45
2011-07-28;0:00:00,0.45
2011-07-29;0:00:00,0.44
2011-08-01;0:00:00,0.43
2011-08-02;0:00:00,0.46
2011-08-03;0:00:00,0.46
2011-08-04;0:00:00,0.4
2011-08-05;0:00:00,0.4
2011-08-08;0:00:00,0.39
2011-08-09;0:00:00,0.42
2011-08-10;0:00:00,0.39
2011-08-11;0:00:00,0.44
2011-08-12;0:00:00,0.43
2011-08-15;0:00:00,0.42
2011-08-16;0:00:00,0.42
2011-08-17;0:00:00,0.41
2011-08-18;0:00:00,0.44
2011-08-19;0:00:00,0.46
2011-08-22;0:00:00,0.48
2011-08-23;0:00:00,0.51
2011-08-24;0:00:00,0.48
2011-08-25;0:00:00,0.47
2011-08-26;0:00:00,0.47
2011-08-29;0:00:00,0.46
2011-08-30;0:00:00,0.46
2011-08-31;0:00:00,0.47
2011-09-01;0:00:00,0.47
2011-09-02;0:00:00,0.49
2011-09-05;0:00:00,0.49
2011-09-06;0:00:00,0.51
2011-09-07;0:00:00,0.49
2011-09-08;0:00:00,0.48
2011-09-09;0:00:00,0.5
2011-09-12;0:00:00,0.52
2011-09-13;0:00:00,0.51
2011-09-14;0:00:00,0.52
2011-09-15;0:00:00,0.49
2011-09-16;0:00:00,0.48
2011-09-19;0:00:00,0.47
2011-09-20;0:00:00,0.46
2011-09-21;0:00:00,0.44
2011-09-22;0:00:00,0.5
2011-09-23;0:00:00,0.49
2011-09-26;0:00:00,0.48
2011-09-27;0:00:00,0.48
2011-09-28;0:00:00,0.5
2011-09-29;0:00:00,0.51
2011-09-30;0:00:00,0.53
2011-10-03;0:00:00,0.55
2011-10-04;0:00:00,0.58
2011-10-05;0:00:00,0.58
2011-10-06;0:00:00,0.56
2011-10-07;0:00:00,0.57
2011-10-10;0:00:00,0.57
2011-10-11;0:00:00,0.58
2011-10-12;0:00:00,0.57
2011-10-13;0:00:00,0.57
2011-10-14;0:00:00,0.57
2011-10-17;0:00:00,0.57
2011-10-18;0:00:00,0.59
2011-10-19;0:00:00,0.56
2011-10-20;0:00:00,0.58
2011-10-21;0:00:00,0.58
2011-10-24;0:00:00,0.58
2011-10-25;0:00:00,0.58
2011-10-26;0:00:00,0.59
2011-10-27;0:00:00,0.56
2011-10-28;0:00:00,0.55
2011-10-31;0:00:00,0.52
2011-11-01;0:00:00,0.55
2011-11-02;0:00:00,0.54
2011-11-03;0:00:00,0.55
2011-11-04;0:00:00,0.56
2011-11-07;0:00:00,0.56
2011-11-08;0:00:00,0.58
2011-11-09;0:00:00,0.61
2011-11-10;0:00:00,0.62
2011-11-11;0:00:00,0.62
2011-11-14;0:00:00,0.64
2011-11-15;0:00:00,0.67
2011-11-16;0:00:00,0.68
2011-11-17;0:00:00,0.75
2011-11-18;0:00:00,0.74
2011-11-21;0:00:00,0.76
2011-11-22;0:00:00,0.75
2011-11-23;0:00:00,0.77
2011-11-24;0:00:00,0.77
2011-11-25;0:00:00,0.78
2011-11-28;0:00:00,0.76
2011-11-29;0:00:00,0.74
2011-11-30;0:00:00,0.62
2011-12-01;0:00:00,0.61
2011-12-02;0:00:00,0.64
2011-12-05;0:00:00,0.62
2011-12-06;0:00:00,0.64
2011-12-07;0:00:00,0.62
2011-12-08;0:00:00,0.62
2011-12-09;0:00:00,0.62
2011-12-12;0:00:00,0.64
2011-12-13;0:00:00,0.66
2011-12-14;0:00:00,0.7
2011-12-15;0:00:00,0.68
2011-12-16;0:00:00,0.68
2011-12-19;0:00:00,0.7
2011-12-20;0:00:00,0.69
2011-12-21;0:00:00,0.7
2011-12-22;0:00:00,0.7
2011-12-23;0:00:00,0.72
2011-12-26;0:00:00,0.72
2011-12-27;0:00:00,0.72
2011-12-28;0:00:00,0.72
2011-12-29;0:00:00,0.71
2011-12-30;0:00:00,0.68
2012-01-02;0:00:00,0.68
2012-01-03;0:00:00,0.68
2012-01-04;0:00:00,0.68
2012-01-05;0:00:00,0.68
2012-01-06;0:00:00,0.64
2012-01-09;0:00:00,0.62
2012-01-10;0:00:00,0.61
2012-01-11;0:00:00,0.58
2012-01-12;0:00:00,0.54
2012-01-13;0:00:00,0.56
2012-01-16;0:00:00,0.56
2012-01-17;0:00:00,0.55
2012-01-18;0:00:00,0.56
2012-01-19;0:00:00,0.56
2012-01-20;0:00:00,0.56
2012-01-23;0:00:00,0.54
2012-01-24;0:00:00,0.55
2012-01-25;0:00:00,0.55
2012-01-26;0:00:00,0.51
2012-01-27;0:00:00,0.53
2012-01-30;0:00:00,0.52
2012-01-31;0:00:00,0.5
2012-02-01;0:00:00,0.48
2012-02-02;0:00:00,0.46
2012-02-03;0:00:00,0.47
2012-02-06;0:00:00,0.48
2012-02-07;0:00:00,0.49
2012-02-08;0:00:00,0.49
2012-02-09;0:00:00,0.48
2012-02-10;0:00:00,0.5
2012-02-13;0:00:00,0.5
2012-02-14;0:00:00,0.51
2012-02-15;0:00:00,0.51
2012-02-16;0:00:00,0.53
2012-02-17;0:00:00,0.54
2012-02-20;0:00:00,0.54
2012-02-21;0:00:00,0.53
2012-02-22;0:00:00,0.52
2012-02-23;0:00:00,0.53
2012-02-24;0:00:00,0.54
2012-02-27;0:00:00,0.53
2012-02-28;0:00:00,0.51
2012-02-29;0:00:00,0.49
2012-03-01;0:00:00,0.48
2012-03-02;0:00:00,0.46
2012-03-05;0:00:00,0.48
2012-03-06;0:00:00,0.49
2012-03-07;0:00:00,0.49
2012-03-08;0:00:00,0.48
2012-03-09;0:00:00,0.49
2012-03-12;0:00:00,0.5
2012-03-13;0:00:00,0.51
2012-03-14;0:00:00,0.52
2012-03-15;0:00:00,0.51
2012-03-16;0:00:00,0.5
2012-03-19;0:00:00,0.5
2012-03-20;0:00:00,0.52
2012-03-21;0:00:00,0.52
2012-03-22;0:00:00,0.52
2012-03-23;0:00:00,0.51
2012-03-26;0:00:00,0.5
2012-03-27;0:00:00,0.48
2012-03-28;0:00:00,0.48
2012-03-29;0:00:00,0.5
2012-03-30;0:00:00,0.5
2012-04-02;0:00:00,0.5
2012-04-03;0:00:00,0.51
2012-04-04;0:00:00,0.53
2012-04-05;0:00:00,0.54
2012-04-06;0:00:00,0.54
2012-04-09;0:00:00,0.54
2012-04-10;0:00:00,0.53
2012-04-11;0:00:00,0.53
2012-04-12;0:00:00,0.5
2012-04-13;0:00:00,0.52
2012-04-16;0:00:00,0.52
2012-04-17;0:00:00,0.5
2012-04-18;0:00:00,0.51
2012-04-19;0:00:00,0.51
2012-04-20;0:00:00,0.51
2012-04-23;0:00:00,0.52
2012-04-24;0:00:00,0.52
2012-04-25;0:00:00,0.51
2012-04-26;0:00:00,0.51
2012-04-27;0:00:00,0.51
2012-04-30;0:00:00,0.5
2012-05-01;0:00:00,0.5
2012-05-02;0:00:00,0.5
2012-05-03;0:00:00,0.5
2012-05-04;0:00:00,0.5
2012-05-07;0:00:00,0.51
2012-05-08;0:00:00,0.52
2012-05-09;0:00:00,0.55
2012-05-10;0:00:00,0.53
2012-05-11;0:00:00,0.55
2012-05-14;0:00:00,0.59
2012-05-15;0:00:00,0.59
2012-05-16;0:00:00,0.59
2012-05-17;0:00:00,0.59
2012-05-18;0:00:00,0.59
2012-05-21;0:00:00,0.58
2012-05-22;0:00:00,0.57
2012-05-23;0:00:00,0.59
2012-05-24;0:00:00,0.57
2012-05-25;0:00:00,0.57
2012-05-28;0:00:00,0.57
2012-05-29;0:00:00,0.57
2012-05-30;0:00:00,0.57
2012-05-31;0:00:00,0.57
2012-06-01;0:00:00,0.59
2012-06-04;0:00:00,0.58
2012-06-05;0:00:00,0.57
2012-06-06;0:00:00,0.54
2012-06-07;0:00:00,0.54
2012-06-08;0:00:00,0.54
2012-06-11;0:00:00,0.54
2012-06-12;0:00:00,0.54
2012-06-13;0:00:00,0.55
2012-06-14;0:00:00,0.54
2012-06-15;0:00:00,0.52
2012-06-18;0:00:00,0.51
2012-06-19;0:00:00,0.5
2012-06-20;0:00:00,0.48
2012-06-21;0:00:00,0.51
2012-06-22;0:00:00,0.49
2012-06-25;0:00:00,0.47
2012-06-26;0:00:00,0.49
2012-06-27;0:00:00,0.49
2012-06-28;0:00:00,0.51
2012-06-29;0:00:00,0.5
2012-07-02;0:00:00,0.51
2012-07-03;0:00:00,0.5
2012-07-04;0:00:00,0.5
2012-07-05;0:00:00,0.48
2012-07-06;0:00:00,0.48
2012-07-09;0:00:00,0.49
2012-07-10;0:00:00,0.49
2012-07-11;0:00:00,0.46
2012-07-12;0:00:00,0.44
2012-07-13;0:00:00,0.45
2012-07-16;0:00:00,0.43
2012-07-17;0:00:00,0.43
2012-07-18;0:00:00,0.44
2012-07-19;0:00:00,0.42
2012-07-20;0:00:00,0.43
2012-07-23;0:00:00,0.43
2012-07-24;0:00:00,0.42
2012-07-25;0:00:00,0.42
2012-07-26;0:00:00,0.42
2012-07-27;0:00:00,0.43
2012-07-30;0:00:00,0.4
2012-07-31;0:00:00,0.4
2012-08-01;0:00:00,0.4
2012-08-02;0:00:00,0.41
2012-08-03;0:00:00,0.41
2012-08-06;0:00:00,0.41
2012-08-07;0:00:00,0.41
2012-08-08;0:00:00,0.42
2012-08-09;0:00:00,0.43
2012-08-10;0:00:00,0.42
2012-08-13;0:00:00,0.42
2012-08-14;0:00:00,0.43
2012-08-15;0:00:00,0.43
2012-08-16;0:00:00,0.44
2012-08-17;0:00:00,0.44
2012-08-20;0:00:00,0.44
2012-08-21;0:00:00,0.44
2012-08-22;0:00:00,0.43
2012-08-23;0:00:00,0.4
2012-08-24;0:00:00,0.41
2012-08-27;0:00:00,0.4
2012-08-28;0:00:00,0.4
2012-08-29;0:00:00,0.4
2012-08-30;0:00:00,0.4
2012-08-31;0:00:00,0.38
2012-09-03;0:00:00,0.38
2012-09-04;0:00:00,0.37
2012-09-05;0:00:00,0.38
2012-09-06;0:00:00,0.39
2012-09-07;0:00:00,0.38
2012-09-10;0:00:00,0.38
2012-09-11;0:00:00,0.36
2012-09-12;0:00:00,0.36
2012-09-13;0:00:00,0.35
2012-09-14;0:00:00,0.35
2012-09-17;0:00:00,0.34
2012-09-18;0:00:00,0.36
2012-09-19;0:00:00,0.36
2012-09-20;0:00:00,0.36
2012-09-21;0:00:00,0.35
2012-09-24;0:00:00,0.36
2012-09-25;0:00:00,0.37
2012-09-26;0:00:00,0.39
2012-09-27;0:00:00,0.38
2012-09-28;0:00:00,0.34
2012-10-01;0:00:00,0.34
2012-10-02;0:00:00,0.35
2012-10-03;0:00:00,0.34
2012-10-04;0:00:00,0.35
2012-10-05;0:00:00,0.35
2012-10-08;0:00:00,0.35
2012-10-09;0:00:00,0.34
2012-10-10;0:00:00,0.34
2012-10-11;0:00:00,0.34
2012-10-12;0:00:00,0.33
2012-10-15;0:00:00,0.33
2012-10-16;0:00:00,0.31
2012-10-17;0:00:00,0.31
2012-10-18;0:00:00,0.32
2012-10-19;0:00:00,0.33
2012-10-22;0:00:00,0.33
2012-10-23;0:00:00,0.33
2012-10-24;0:00:00,0.32
2012-10-25;0:00:00,0.33
2012-10-26;0:00:00,0.33
2012-10-29;0:00:00,0.33
2012-10-30;0:00:00,0.33
2012-10-31;0:00:00,0.33
2012-11-01;0:00:00,0.33
2012-11-02;0:00:00,0.33
2012-11-05;0:00:00,0.32
2012-11-06;0:00:00,0.32
2012-11-07;0:00:00,0.32
2012-11-08;0:00:00,0.33
2012-11-09;0:00:00,0.33
2012-11-12;0:00:00,0.33
2012-11-13;0:00:00,0.33
2012-11-14;0:00:00,0.32
2012-11-15;0:00:00,0.33
2012-11-16;0:00:00,0.34
2012-11-19;0:00:00,0.33
2012-11-20;0:00:00,0.33
2012-11-21;0:00:00,0.34
2012-11-22;0:00:00,0.34
2012-11-23;0:00:00,0.34
2012-11-26;0:00:00,0.35
2012-11-27;0:00:00,0.34
2012-11-28;0:00:00,0.33
2012-11-29;0:00:00,0.33
2012-11-30;0:00:00,0.33
2012-12-03;0:00:00,0.33
2012-12-04;0:00:00,0.33
2012-12-05;0:00:00,0.32
2012-12-06;0:00:00,0.32
2012-12-07;0:00:00,0.32
2012-12-10;0:00:00,0.32
2012-12-11;0:00:00,0.31
2012-12-12;0:00:00,0.31
2012-12-13;0:00:00,0.31
2012-12-14;0:00:00,0.31
2012-12-17;0:00:00,0.31
2012-12-18;0:00:00,0.32
2012-12-19;0:00:00,0.33
2012-12-20;0:00:00,0.33
2012-12-21;0:00:00,0.34
2012-12-24;0:00:00,0.35
2012-12-25;0:00:00,0.35
2012-12-26;0:00:00,0.35
2012-12-27;0:00:00,0.35
2012-12-28;0:00:00,0.34
2012-12-31;0:00:00,0.33
2013-01-01;0:00:00,0.33
2013-01-02;0:00:00,0.33
2013-01-03;0:00:00,0.32
2013-01-04;0:00:00,0.32
2013-01-07;0:00:00,0.32
2013-01-08;0:00:00,0.32
2013-01-09;0:00:00,0.32
2013-01-10;0:00:00,0.31
2013-01-11;0:00:00,0.31
2013-01-14;0:00:00,0.31
2013-01-15;0:00:00,0.32
2013-01-16;0:00:00,0.32
2013-01-17;0:00:00,0.33
2013-01-18;0:00:00,0.33
2013-01-21;0:00:00,0.33
2013-01-22;0:00:00,0.33
2013-01-23;0:00:00,0.32
2013-01-24;0:00:00,0.33
2013-01-25;0:00:00,0.34
2013-01-28;0:00:00,0.35
2013-01-29;0:00:00,0.35
2013-01-30;0:00:00,0.34
2013-01-31;0:00:00,0.34
2013-02-01;0:00:00,0.34
2013-02-04;0:00:00,0.33
2013-02-05;0:00:00,0.34
2013-02-06;0:00:00,0.33
2013-02-07;0:00:00,0.33
2013-02-08;0:00:00,0.33
2013-02-11;0:00:00,0.33
2013-02-12;0:00:00,0.33
2013-02-13;0:00:00,0.33
2013-02-14;0:00:00,0.34
2013-02-15;0:00:00,0.33
2013-02-18;0:00:00,0.33
2013-02-19;0:00:00,0.33
2013-02-20;0:00:00,0.33
2013-02-21;0:00:00,0.32
2013-02-22;0:00:00,0.32
2013-02-25;0:00:00,0.32
2013-02-26;0:00:00,0.33
2013-02-27;0:00:00,0.33
2013-02-28;0:00:00,0.33
2013-03-01;0:00:00,0.32
2013-03-04;0:00:00,0.31
2013-03-05;0:00:00,0.31
2013-03-06;0:00:00,0.31
2013-03-07;0:00:00,0.31
2013-03-08;0:00:00,0.31
2013-03-11;0:00:00,0.31
2013-03-12;0:00:00,0.31
2013-03-13;0:00:00,0.32
2013-03-14;0:00:00,0.32
2013-03-15;0:00:00,0.32
2013-03-18;0:00:00,0.32
2013-03-19;0:00:00,0.34
2013-03-20;0:00:00,0.34
2013-03-21;0:00:00,0.35
2013-03-22;0:00:00,0.36
2013-03-25;0:00:00,0.35
2013-03-26;0:00:00,0.35
2013-03-27;0:00:00,0.37
2013-03-28;0:00:00,0.35
2013-03-29;0:00:00,0.35
2013-04-01;0:00:00,0.35
2013-04-02;0:00:00,0.34
2013-04-03;0:00:00,0.33
2013-04-04;0:00:00,0.33
2013-04-05;0:00:00,0.32
2013-04-08;0:00:00,0.32
2013-04-09;0:00:00,0.32
2013-04-10;0:00:00,0.32
2013-04-11;0:00:00,0.31
2013-04-12;0:00:00,0.32
2013-04-15;0:00:00,0.31
2013-04-16;0:00:00,0.32
2013-04-17;0:00:00,0.32
2013-04-18;0:00:00,0.31
2013-04-19;0:00:00,0.31
2013-04-22;0:00:00,0.31
2013-04-23;0:00:00,0.31
2013-04-24;0:00:00,0.31
2013-04-25;0:00:00,0.31
2013-04-26;0:00:00,0.31
2013-04-29;0:00:00,0.3
2013-04-30;0:00:00,0.3
2013-05-01;0:00:00,0.3
2013-05-02;0:00:00,0.29
2013-05-03;0:00:00,0.3
2013-05-06;0:00:00,0.3
2013-05-07;0:00:00,0.3
2013-05-08;0:00:00,0.3
2013-05-09;0:00:00,0.3
2013-05-10;0:00:00,0.31
2013-05-13;0:00:00,0.31
2013-05-14;0:00:00,0.31
2013-05-15;0:00:00,0.31
2013-05-16;0:00:00,0.31
2013-05-17;0:00:00,0.31
2013-05-20;0:00:00,0.31
2013-05-21;0:00:00,0.31
2013-05-22;0:00:00,0.31
2013-05-23;0:00:00,0.32
2013-05-24;0:00:00,0.32
2013-05-27;0:00:00,0.32
2013-05-28;0:00:00,0.33
2013-05-29;0:00:00,0.34
2013-05-30;0:00:00,0.34
2013-05-31;0:00:00,0.34
2013-06-03;0:00:00,0.33
2013-06-04;0:00:00,0.33
2013-06-05;0:00:00,0.33
2013-06-06;0:00:00,0.34
2013-06-07;0:00:00,0.34
2013-06-10;0:00:00,0.35
2013-06-11;0:00:00,0.35
2013-06-12;0:00:00,0.34
2013-06-13;0:00:00,0.33
2013-06-14;0:00:00,0.32
2013-06-17;0:00:00,0.31
2013-06-18;0:00:00,0.32
2013-06-19;0:00:00,0.32
2013-06-20;0:00:00,0.34
2013-06-21;0:00:00,0.37
2013-06-24;0:00:00,0.42
2013-06-25;0:00:00,0.38
2013-06-26;0:00:00,0.37
2013-06-27;0:00:00,0.37
2013-06-28;0:00:00,0.36
2013-07-01;0:00:00,0.36
2013-07-02;0:00:00,0.36
2013-07-03;0:00:00,0.37
2013-07-04;0:00:00,0.37
2013-07-05;0:00:00,0.37
2013-07-08;0:00:00,0.36
2013-07-09;0:00:00,0.36
2013-07-10;0:00:00,0.36
2013-07-11;0:00:00,0.35
2013-07-12;0:00:00,0.35
2013-07-15;0:00:00,0.35
2013-07-16;0:00:00,0.34
2013-07-17;0:00:00,0.33
2013-07-18;0:00:00,0.34
2013-07-19;0:00:00,0.34
2013-07-22;0:00:00,0.34
2013-07-23;0:00:00,0.34
2013-07-24;0:00:00,0.35
2013-07-25;0:00:00,0.35
2013-07-26;0:00:00,0.34
2013-07-29;0:00:00,0.34
2013-07-30;0:00:00,0.33
2013-07-31;0:00:00,0.34
2013-08-01;0:00:00,0.34
2013-08-02;0:00:00,0.33
2013-08-05;0:00:00,0.33
2013-08-06;0:00:00,0.33
2013-08-07;0:00:00,0.33
2013-08-08;0:00:00,0.33
2013-08-09;0:00:00,0.33
2013-08-12;0:00:00,0.33
2013-08-13;0:00:00,0.34
2013-08-14;0:00:00,0.34
2013-08-15;0:00:00,0.35
2013-08-16;0:00:00,0.35
2013-08-19;0:00:00,0.34
2013-08-20;0:00:00,0.34
2013-08-21;0:00:00,0.34
2013-08-22;0:00:00,0.35
2013-08-23;0:00:00,0.35
2013-08-26;0:00:00,0.34
2013-08-27;0:00:00,0.34
2013-08-28;0:00:00,0.34
2013-08-29;0:00:00,0.34
2013-08-30;0:00:00,0.34
2013-09-02;0:00:00,0.34
2013-09-03;0:00:00,0.35
2013-09-04;0:00:00,0.35
2013-09-05;0:00:00,0.36
2013-09-06;0:00:00,0.34
2013-09-09;0:00:00,0.33
2013-09-10;0:00:00,0.34
2013-09-11;0:00:00,0.34
2013-09-12;0:00:00,0.34
2013-09-13;0:00:00,0.34
2013-09-16;0:00:00,0.32
2013-09-17;0:00:00,0.33
2013-09-18;0:00:00,0.33
2013-09-19;0:00:00,0.31
2013-09-20;0:00:00,0.31
2013-09-23;0:00:00,0.31
2013-09-24;0:00:00,0.31
2013-09-25;0:00:00,0.31
2013-09-26;0:00:00,0.32
2013-09-27;0:00:00,0.32
2013-09-30;0:00:00,0.32
2013-10-01;0:00:00,0.31
2013-10-02;0:00:00,0.31
2013-10-03;0:00:00,0.31
2013-10-04;0:00:00,0.31
2013-10-07;0:00:00,0.32
2013-10-08;0:00:00,0.34
2013-10-09;0:00:00,0.35
2013-10-10;0:00:00,0.33
2013-10-11;0:00:00,0.33
2013-10-14;0:00:00,0.33
2013-10-15;0:00:00,0.33
2013-10-16;0:00:00,0.32
2013-10-17;0:00:00,0.31
2013-10-18;0:00:00,0.3
2013-10-21;0:00:00,0.3
2013-10-22;0:00:00,0.29
2013-10-23;0:00:00,0.3
2013-10-24;0:00:00,0.3
2013-10-25;0:00:00,0.29
2013-10-28;0:00:00,0.29
2013-10-29;0:00:00,0.3
2013-10-30;0:00:00,0.3
2013-10-31;0:00:00,0.29
2013-11-01;0:00:00,0.29
2013-11-04;0:00:00,0.29
2013-11-05;0:00:00,0.29
2013-11-06;0:00:00,0.29
2013-11-07;0:00:00,0.28
2013-11-08;0:00:00,0.29
2013-11-11;0:00:00,0.29
2013-11-12;0:00:00,0.29
2013-11-13;0:00:00,0.29
2013-11-14;0:00:00,0.28
2013-11-15;0:00:00,0.28
2013-11-18;0:00:00,0.27
2013-11-19;0:00:00,0.28
2013-11-20;0:00:00,0.27
2013-11-21;0:00:00,0.26
2013-11-22;0:00:00,0.27
2013-11-25;0:00:00,0.27
2013-11-26;0:00:00,0.27
2013-11-27;0:00:00,0.27
2013-11-28;0:00:00,0.27
2013-11-29;0:00:00,0.27
2013-12-02;0:00:00,0.27
2013-12-03;0:00:00,0.27
2013-12-04;0:00:00,0.27
2013-12-05;0:00:00,0.27
2013-12-06;0:00:00,0.27
2013-12-09;0:00:00,0.27
2013-12-10;0:00:00,0.27
2013-12-11;0:00:00,0.28
2013-12-12;0:00:00,0.29
2013-12-13;0:00:00,0.29
2013-12-16;0:00:00,0.29
2013-12-17;0:00:00,0.29
2013-12-18;0:00:00,0.28
2013-12-19;0:00:00,0.31
2013-12-20;0:00:00,0.31
2013-12-23;0:00:00,0.32
2013-12-24;0:00:00,0.31
2013-12-25;0:00:00,0.31
2013-12-26;0:00:00,0.32
2013-12-27;0:00:00,0.31
2013-12-30;0:00:00,0.31
2013-12-31;0:00:00,0.31
2014-01-01;0:00:00,0.31
2014-01-02;0:00:00,0.31
2014-01-03;0:00:00,0.31
2014-01-06;0:00:00,0.31
2014-01-07;0:00:00,0.31
2014-01-08;0:00:00,0.31
2014-01-09;0:00:00,0.32
2014-01-10;0:00:00,0.3
2014-01-13;0:00:00,0.3
2014-01-14;0:00:00,0.3
2014-01-15;0:00:00,0.3
2014-01-16;0:00:00,0.3
2014-01-17;0:00:00,0.3
2014-01-20;0:00:00,0.3
2014-01-21;0:00:00,0.3
2014-01-22;0:00:00,0.3
2014-01-23;0:00:00,0.29
2014-01-24;0:00:00,0.3
2014-01-27;0:00:00,0.3
2014-01-28;0:00:00,0.3
2014-01-29;0:00:00,0.3
2014-01-30;0:00:00,0.3
2014-01-31;0:00:00,0.29
2014-02-03;0:00:00,0.28
2014-02-04;0:00:00,0.28
2014-02-05;0:00:00,0.27
2014-02-06;0:00:00,0.28
2014-02-07;0:00:00,0.27
2014-02-10;0:00:00,0.27
2014-02-11;0:00:00,0.27
2014-02-12;0:00:00,0.27
2014-02-13;0:00:00,0.27
2014-02-14;0:00:00,0.27
2014-02-17;0:00:00,0.27
2014-02-18;0:00:00,0.26
2014-02-19;0:00:00,0.26
2014-02-20;0:00:00,0.27
2014-02-21;0:00:00,0.27
2014-02-24;0:00:00,0.27
2014-02-25;0:00:00,0.27
2014-02-26;0:00:00,0.27
2014-02-27;0:00:00,0.27
2014-02-28;0:00:00,0.27
2014-03-03;0:00:00,0.27
2014-03-04;0:00:00,0.27
2014-03-05;0:00:00,0.27
2014-03-06;0:00:00,0.27
2014-03-07;0:00:00,0.28
2014-03-10;0:00:00,0.28
2014-03-11;0:00:00,0.28
2014-03-12;0:00:00,0.28
2014-03-13;0:00:00,0.28
2014-03-14;0:00:00,0.28
2014-03-17;0:00:00,0.28
2014-03-18;0:00:00,0.28
2014-03-19;0:00:00,0.28
2014-03-20;0:00:00,0.29
2014-03-21;0:00:00,0.29
2014-03-24;0:00:00,0.29
2014-03-25;0:00:00,0.28
2014-03-26;0:00:00,0.28
2014-03-27;0:00:00,0.28
2014-03-28;0:00:00,0.28
2014-03-31;0:00:00,0.28
2014-04-01;0:00:00,0.27
2014-04-02;0:00:00,0.27
2014-04-03;0:00:00,0.28
2014-04-04;0:00:00,0.27
2014-04-07;0:00:00,0.27
2014-04-08;0:00:00,0.27
2014-04-09;0:00:00,0.27
2014-04-10;0:00:00,0.26
2014-04-11;0:00:00,0.26
2014-04-14;0:00:00,0.26
2014-04-15;0:00:00,0.26
2014-04-16;0:00:00,0.26
2014-04-17;0:00:00,0.26
2014-04-18;0:00:00,0.26
2014-04-21;0:00:00,0.26
2014-04-22;0:00:00,0.26
2014-04-23;0:00:00,0.26
2014-04-24;0:00:00,0.27
2014-04-25;0:00:00,0.26
2014-04-28;0:00:00,0.27
2014-04-29;0:00:00,0.27
2014-04-30;0:00:00,0.26
2014-05-01;0:00:00,0.26
2014-05-02;0:00:00,0.27
2014-05-05;0:00:00,0.26
2014-05-06;0:00:00,0.26
2014-05-07;0:00:00,0.26
2014-05-08;0:00:00,0.25
2014-05-09;0:00:00,0.26
2014-05-12;0:00:00,0.26
2014-05-13;0:00:00,0.26
2014-05-14;0:00:00,0.25
2014-05-15;0:00:00,0.25
2014-05-16;0:00:00,0.26
2014-05-19;0:00:00,0.26
2014-05-20;0:00:00,0.26
2014-05-21;0:00:00,0.26
2014-05-22;0:00:00,0.26
2014-05-23;0:00:00,0.26
2014-05-26;0:00:00,0.26
2014-05-27;0:00:00,0.27
2014-05-28;0:00:00,0.26
2014-05-29;0:00:00,0.26
2014-05-30;0:00:00,0.27
2014-06-02;0:00:00,0.27
2014-06-03;0:00:00,0.27
2014-06-04;0:00:00,0.27
2014-06-05;0:00:00,0.26
2014-06-06;0:00:00,0.27
2014-06-09;0:00:00,0.27
2014-06-10;0:00:00,0.27
2014-06-11;0:00:00,0.28
2014-06-12;0:00:00,0.28
2014-06-13;0:00:00,0.29
2014-06-16;0:00:00,0.29
2014-06-17;0:00:00,0.3
2014-06-18;0:00:00,0.3
2014-06-19;0:00:00,0.29
2014-06-20;0:00:00,0.29
2014-06-23;0:00:00,0.29
2014-06-24;0:00:00,0.3
2014-06-25;0:00:00,0.29
2014-06-26;0:00:00,0.29
2014-06-27;0:00:00,0.29
2014-06-30;0:00:00,0.29
2014-07-01;0:00:00,0.29
2014-07-02;0:00:00,0.3
2014-07-03;0:00:00,0.3
2014-07-04;0:00:00,0.3
2014-07-07;0:00:00,0.31
2014-07-08;0:00:00,0.3
2014-07-09;0:00:00,0.31
2014-07-10;0:00:00,0.29
2014-07-11;0:00:00,0.3
2014-07-14;0:00:00,0.3
2014-07-15;0:00:00,0.31
2014-07-16;0:00:00,0.31
2014-07-17;0:00:00,0.31
2014-07-18;0:00:00,0.31
2014-07-21;0:00:00,0.32
2014-07-22;0:00:00,0.31
2014-07-23;0:00:00,0.31
2014-07-24;0:00:00,0.32
2014-07-25;0:00:00,0.32
2014-07-28;0:00:00,0.33
2014-07-29;0:00:00,0.33
2014-07-30;0:00:00,0.36
2014-07-31;0:00:00,0.34
2014-08-01;0:00:00,0.32
2014-08-04;0:00:00,0.32
2014-08-05;0:00:00,0.33
2014-08-06;0:00:00,0.32
2014-08-07;0:00:00,0.32
2014-08-08;0:00:00,0.32
2014-08-11;0:00:00,0.32
2014-08-12;0:00:00,0.32
2014-08-13;0:00:00,0.31
2014-08-14;0:00:00,0.3
2014-08-15;0:00:00,0.3
2014-08-18;0:00:00,0.31
2014-08-19;0:00:00,0.31
2014-08-20;0:00:00,0.31
2014-08-21;0:00:00,0.32
2014-08-22;0:00:00,0.33
2014-08-25;0:00:00,0.34
2014-08-26;0:00:00,0.34
2014-08-27;0:00:00,0.33
2014-08-28;0:00:00,0.34
2014-08-29;0:00:00,0.34
2014-09-01;0:00:00,0.34
2014-09-02;0:00:00,0.34
2014-09-03;0:00:00,0.34
2014-09-04;0:00:00,0.35
2014-09-05;0:00:00,0.34
2014-09-08;0:00:00,0.34
2014-09-09;0:00:00,0.36
2014-09-10;0:00:00,0.37
2014-09-11;0:00:00,0.36
2014-09-12;0:00:00,0.37
2014-09-15;0:00:00,0.36
2014-09-16;0:00:00,0.36
2014-09-17;0:00:00,0.36
2014-09-18;0:00:00,0.37
2014-09-19;0:00:00,0.37
2014-09-22;0:00:00,0.36
2014-09-23;0:00:00,0.36
2014-09-24;0:00:00,0.37
2014-09-25;0:00:00,0.36
2014-09-26;0:00:00,0.36
2014-09-29;0:00:00,0.36
2014-09-30;0:00:00,0.37
2014-10-01;0:00:00,0.35
2014-10-02;0:00:00,0.35
2014-10-03;0:00:00,0.36
2014-10-06;0:00:00,0.35
2014-10-07;0:00:00,0.35
2014-10-08;0:00:00,0.35
2014-10-09;0:00:00,0.32
2014-10-10;0:00:00,0.32
2014-10-13;0:00:00,0.32
2014-10-14;0:00:00,0.3
2014-10-15;0:00:00,0.29
2014-10-16;0:00:00,0.32
2014-10-17;0:00:00,0.32
2014-10-20;0:00:00,0.3
2014-10-21;0:00:00,0.3
2014-10-22;0:00:00,0.31
2014-10-23;0:00:00,0.31
2014-10-24;0:00:00,0.31
2014-10-27;0:00:00,0.31
2014-10-28;0:00:00,0.3
2014-10-29;0:00:00,0.31
2014-10-30;0:00:00,0.32
2014-10-31;0:00:00,0.33
2014-11-03;0:00:00,0.34
2014-11-04;0:00:00,0.33
2014-11-05;0:00:00,0.34
2014-11-06;0:00:00,0.34
2014-11-07;0:00:00,0.34
2014-11-10;0:00:00,0.34
2014-11-11;0:00:00,0.34
2014-11-12;0:00:00,0.35
2014-11-13;0:00:00,0.34
2014-11-14;0:00:00,0.35
2014-11-17;0:00:00,0.34
2014-11-18;0:00:00,0.34
2014-11-19;0:00:00,0.35
2014-11-20;0:00:00,0.34
2014-11-21;0:00:00,0.34
2014-11-24;0:00:00,0.34
2014-11-25;0:00:00,0.34
2014-11-26;0:00:00,0.34
2014-11-27;0:00:00,0.34
2014-11-28;0:00:00,0.34
2014-12-01;0:00:00,0.33
2014-12-02;0:00:00,0.35
2014-12-03;0:00:00,0.36
2014-12-04;0:00:00,0.36
2014-12-05;0:00:00,0.4
2014-12-08;0:00:00,0.41
2014-12-09;0:00:00,0.4
2014-12-10;0:00:00,0.4
2014-12-11;0:00:00,0.41
2014-12-12;0:00:00,0.38
2014-12-15;0:00:00,0.4
2014-12-16;0:00:00,0.39
2014-12-17;0:00:00,0.4
2014-12-18;0:00:00,0.42
2014-12-19;0:00:00,0.43
2014-12-22;0:00:00,0.43
2014-12-23;0:00:00,0.45
2014-12-24;0:00:00,0.45
2014-12-25;0:00:00,0.45
2014-12-26;0:00:00,0.45
2014-12-29;0:00:00,0.44
2014-12-30;0:00:00,0.44
2014-12-31;0:00:00,0.44
2015-01-01;0:00:00,0.44
2015-01-02;0:00:00,0.45
2015-01-05;0:00:00,0.45
2015-01-06;0:00:00,0.43
2015-01-07;0:00:00,0.44
2015-01-08;0:00:00,0.44
2015-01-09;0:00:00,0.4
2015-01-12;0:00:00,0.41
2015-01-13;0:00:00,0.41
2015-01-14;0:00:00,0.38
2015-01-15;0:00:00,0.38
2015-01-16;0:00:00,0.39
2015-01-19;0:00:00,0.39
2015-01-20;0:00:00,0.39
2015-01-21;0:00:00,0.39
2015-01-22;0:00:00,0.4
2015-01-23;0:00:00,0.4
2015-01-26;0:00:00,0.41
2015-01-27;0:00:00,0.4
2015-01-28;0:00:00,0.41
2015-01-29;0:00:00,0.41
2015-01-30;0:00:00,0.4
2015-02-02;0:00:00,0.4
2015-02-03;0:00:00,0.41
2015-02-04;0:00:00,0.43
2015-02-05;0:00:00,0.43
2015-02-06;0:00:00,0.49
2015-02-09;0:00:00,0.49
2015-02-10;0:00:00,0.49
2015-02-11;0:00:00,0.5
2015-02-12;0:00:00,0.49
2015-02-13;0:00:00,0.48
2015-02-16;0:00:00,0.48
2015-02-17;0:00:00,0.5
2015-02-18;0:00:00,0.51
2015-02-19;0:00:00,0.48
2015-02-20;0:00:00,0.49
2015-02-23;0:00:00,0.48
2015-02-24;0:00:00,0.47
2015-02-25;0:00:00,0.47
2015-02-26;0:00:00,0.48
2015-02-27;0:00:00,0.48
2015-03-02;0:00:00,0.49
2015-03-03;0:00:00,0.5
2015-03-04;0:00:00,0.49
2015-03-05;0:00:00,0.49
2015-03-06;0:00:00,0.53
2015-03-09;0:00:00,0.52
2015-03-10;0:00:00,0.52
2015-03-11;0:00:00,0.53
2015-03-12;0:00:00,0.51
